--
-- PostgreSQL database cluster dump
--

SET default_transaction_read_only = off;

SET client_encoding = 'UTF8';
SET standard_conforming_strings = on;

--
-- Drop databases (except postgres and template1)
--

DROP DATABASE "play-with-me";




--
-- Drop roles
--

DROP ROLE "play-with-me";


--
-- Roles
--

CREATE ROLE "play-with-me";
ALTER ROLE "play-with-me" WITH SUPERUSER INHERIT CREATEROLE CREATEDB LOGIN REPLICATION BYPASSRLS PASSWORD 'SCRAM-SHA-256$4096:gM71SuV15uS4/FB2tJXu5A==$txAeI/vDRTQZYmmicabF5/wGMQnQTxCVJtSYgVUgvbY=:92HtVZMPwwsGRGHC4KhBkaYRH1C2yt5dkGtBjPokWBc=';

--
-- User Configurations
--








--
-- Databases
--

--
-- Database "template1" dump
--

--
-- PostgreSQL database dump
--

-- Dumped from database version 15.3 (Debian 15.3-1.pgdg110+1)
-- Dumped by pg_dump version 15.3 (Debian 15.3-1.pgdg110+1)

SET statement_timeout = 0;
SET lock_timeout = 0;
SET idle_in_transaction_session_timeout = 0;
SET client_encoding = 'UTF8';
SET standard_conforming_strings = on;
SELECT pg_catalog.set_config('search_path', '', false);
SET check_function_bodies = false;
SET xmloption = content;
SET client_min_messages = warning;
SET row_security = off;

UPDATE pg_catalog.pg_database SET datistemplate = false WHERE datname = 'template1';
DROP DATABASE template1;
--
-- Name: template1; Type: DATABASE; Schema: -; Owner: play-with-me
--

CREATE DATABASE template1 WITH TEMPLATE = template0 ENCODING = 'UTF8' LOCALE_PROVIDER = libc LOCALE = 'en_US.utf8';


ALTER DATABASE template1 OWNER TO "play-with-me";

\connect template1

SET statement_timeout = 0;
SET lock_timeout = 0;
SET idle_in_transaction_session_timeout = 0;
SET client_encoding = 'UTF8';
SET standard_conforming_strings = on;
SELECT pg_catalog.set_config('search_path', '', false);
SET check_function_bodies = false;
SET xmloption = content;
SET client_min_messages = warning;
SET row_security = off;

--
-- Name: DATABASE template1; Type: COMMENT; Schema: -; Owner: play-with-me
--

COMMENT ON DATABASE template1 IS 'default template for new databases';


--
-- Name: template1; Type: DATABASE PROPERTIES; Schema: -; Owner: play-with-me
--

ALTER DATABASE template1 IS_TEMPLATE = true;


\connect template1

SET statement_timeout = 0;
SET lock_timeout = 0;
SET idle_in_transaction_session_timeout = 0;
SET client_encoding = 'UTF8';
SET standard_conforming_strings = on;
SELECT pg_catalog.set_config('search_path', '', false);
SET check_function_bodies = false;
SET xmloption = content;
SET client_min_messages = warning;
SET row_security = off;

--
-- Name: DATABASE template1; Type: ACL; Schema: -; Owner: play-with-me
--

REVOKE CONNECT,TEMPORARY ON DATABASE template1 FROM PUBLIC;
GRANT CONNECT ON DATABASE template1 TO PUBLIC;


--
-- PostgreSQL database dump complete
--

--
-- Database "play-with-me" dump
--

--
-- PostgreSQL database dump
--

-- Dumped from database version 15.3 (Debian 15.3-1.pgdg110+1)
-- Dumped by pg_dump version 15.3 (Debian 15.3-1.pgdg110+1)

SET statement_timeout = 0;
SET lock_timeout = 0;
SET idle_in_transaction_session_timeout = 0;
SET client_encoding = 'UTF8';
SET standard_conforming_strings = on;
SELECT pg_catalog.set_config('search_path', '', false);
SET check_function_bodies = false;
SET xmloption = content;
SET client_min_messages = warning;
SET row_security = off;

--
-- Name: play-with-me; Type: DATABASE; Schema: -; Owner: play-with-me
--

CREATE DATABASE "play-with-me" WITH TEMPLATE = template0 ENCODING = 'UTF8' LOCALE_PROVIDER = libc LOCALE = 'en_US.utf8';


ALTER DATABASE "play-with-me" OWNER TO "play-with-me";

\connect -reuse-previous=on "dbname='play-with-me'"

SET statement_timeout = 0;
SET lock_timeout = 0;
SET idle_in_transaction_session_timeout = 0;
SET client_encoding = 'UTF8';
SET standard_conforming_strings = on;
SELECT pg_catalog.set_config('search_path', '', false);
SET check_function_bodies = false;
SET xmloption = content;
SET client_min_messages = warning;
SET row_security = off;

SET default_tablespace = '';

SET default_table_access_method = heap;

--
-- Name: api_event; Type: TABLE; Schema: public; Owner: play-with-me
--

CREATE TABLE public.api_event (
    id bigint NOT NULL,
    date_time timestamp with time zone NOT NULL,
    creator_id bigint NOT NULL,
    game_id bigint NOT NULL
);


ALTER TABLE public.api_event OWNER TO "play-with-me";

--
-- Name: api_event_id_seq; Type: SEQUENCE; Schema: public; Owner: play-with-me
--

ALTER TABLE public.api_event ALTER COLUMN id ADD GENERATED BY DEFAULT AS IDENTITY (
    SEQUENCE NAME public.api_event_id_seq
    START WITH 1
    INCREMENT BY 1
    NO MINVALUE
    NO MAXVALUE
    CACHE 1
);


--
-- Name: api_event_participants; Type: TABLE; Schema: public; Owner: play-with-me
--

CREATE TABLE public.api_event_participants (
    id bigint NOT NULL,
    modelator boolean NOT NULL,
    admin boolean NOT NULL,
    event_id bigint NOT NULL,
    user_id bigint NOT NULL
);


ALTER TABLE public.api_event_participants OWNER TO "play-with-me";

--
-- Name: api_event_participants_id_seq; Type: SEQUENCE; Schema: public; Owner: play-with-me
--

ALTER TABLE public.api_event_participants ALTER COLUMN id ADD GENERATED BY DEFAULT AS IDENTITY (
    SEQUENCE NAME public.api_event_participants_id_seq
    START WITH 1
    INCREMENT BY 1
    NO MINVALUE
    NO MAXVALUE
    CACHE 1
);


--
-- Name: api_friendship; Type: TABLE; Schema: public; Owner: play-with-me
--

CREATE TABLE public.api_friendship (
    id bigint NOT NULL,
    create_date date NOT NULL,
    user1_id bigint NOT NULL,
    user2_id bigint NOT NULL
);


ALTER TABLE public.api_friendship OWNER TO "play-with-me";

--
-- Name: api_friendship_id_seq; Type: SEQUENCE; Schema: public; Owner: play-with-me
--

ALTER TABLE public.api_friendship ALTER COLUMN id ADD GENERATED BY DEFAULT AS IDENTITY (
    SEQUENCE NAME public.api_friendship_id_seq
    START WITH 1
    INCREMENT BY 1
    NO MINVALUE
    NO MAXVALUE
    CACHE 1
);


--
-- Name: api_game; Type: TABLE; Schema: public; Owner: play-with-me
--

CREATE TABLE public.api_game (
    id bigint NOT NULL,
    name character varying(40) NOT NULL,
    release_date integer NOT NULL,
    description character varying(1024),
    publisher character varying(50),
    max_player integer NOT NULL,
    online boolean NOT NULL
);


ALTER TABLE public.api_game OWNER TO "play-with-me";

--
-- Name: api_game_available_lang; Type: TABLE; Schema: public; Owner: play-with-me
--

CREATE TABLE public.api_game_available_lang (
    id bigint NOT NULL,
    game_id bigint NOT NULL,
    language_id bigint NOT NULL
);


ALTER TABLE public.api_game_available_lang OWNER TO "play-with-me";

--
-- Name: api_game_available_lang_id_seq; Type: SEQUENCE; Schema: public; Owner: play-with-me
--

ALTER TABLE public.api_game_available_lang ALTER COLUMN id ADD GENERATED BY DEFAULT AS IDENTITY (
    SEQUENCE NAME public.api_game_available_lang_id_seq
    START WITH 1
    INCREMENT BY 1
    NO MINVALUE
    NO MAXVALUE
    CACHE 1
);


--
-- Name: api_game_genre; Type: TABLE; Schema: public; Owner: play-with-me
--

CREATE TABLE public.api_game_genre (
    id bigint NOT NULL,
    game_id bigint NOT NULL,
    genre_id bigint NOT NULL
);


ALTER TABLE public.api_game_genre OWNER TO "play-with-me";

--
-- Name: api_game_genre_id_seq; Type: SEQUENCE; Schema: public; Owner: play-with-me
--

ALTER TABLE public.api_game_genre ALTER COLUMN id ADD GENERATED BY DEFAULT AS IDENTITY (
    SEQUENCE NAME public.api_game_genre_id_seq
    START WITH 1
    INCREMENT BY 1
    NO MINVALUE
    NO MAXVALUE
    CACHE 1
);


--
-- Name: api_game_id_seq; Type: SEQUENCE; Schema: public; Owner: play-with-me
--

ALTER TABLE public.api_game ALTER COLUMN id ADD GENERATED BY DEFAULT AS IDENTITY (
    SEQUENCE NAME public.api_game_id_seq
    START WITH 1
    INCREMENT BY 1
    NO MINVALUE
    NO MAXVALUE
    CACHE 1
);


--
-- Name: api_genre; Type: TABLE; Schema: public; Owner: play-with-me
--

CREATE TABLE public.api_genre (
    id bigint NOT NULL,
    name character varying(40) NOT NULL,
    description character varying(250)
);


ALTER TABLE public.api_genre OWNER TO "play-with-me";

--
-- Name: api_genre_id_seq; Type: SEQUENCE; Schema: public; Owner: play-with-me
--

ALTER TABLE public.api_genre ALTER COLUMN id ADD GENERATED BY DEFAULT AS IDENTITY (
    SEQUENCE NAME public.api_genre_id_seq
    START WITH 1
    INCREMENT BY 1
    NO MINVALUE
    NO MAXVALUE
    CACHE 1
);


--
-- Name: api_language; Type: TABLE; Schema: public; Owner: play-with-me
--

CREATE TABLE public.api_language (
    id bigint NOT NULL,
    "ISO_639_1" character varying(2) NOT NULL,
    "ISO_639_2" character varying(3) NOT NULL,
    name character varying(100) NOT NULL
);


ALTER TABLE public.api_language OWNER TO "play-with-me";

--
-- Name: api_language_id_seq; Type: SEQUENCE; Schema: public; Owner: play-with-me
--

ALTER TABLE public.api_language ALTER COLUMN id ADD GENERATED BY DEFAULT AS IDENTITY (
    SEQUENCE NAME public.api_language_id_seq
    START WITH 1
    INCREMENT BY 1
    NO MINVALUE
    NO MAXVALUE
    CACHE 1
);


--
-- Name: api_opinion; Type: TABLE; Schema: public; Owner: play-with-me
--

CREATE TABLE public.api_opinion (
    id bigint NOT NULL,
    comment character varying(1024) NOT NULL,
    star numeric(2,1) NOT NULL,
    game_id bigint NOT NULL,
    user_id bigint NOT NULL
);


ALTER TABLE public.api_opinion OWNER TO "play-with-me";

--
-- Name: api_opinion_id_seq; Type: SEQUENCE; Schema: public; Owner: play-with-me
--

ALTER TABLE public.api_opinion ALTER COLUMN id ADD GENERATED BY DEFAULT AS IDENTITY (
    SEQUENCE NAME public.api_opinion_id_seq
    START WITH 1
    INCREMENT BY 1
    NO MINVALUE
    NO MAXVALUE
    CACHE 1
);


--
-- Name: api_user; Type: TABLE; Schema: public; Owner: play-with-me
--

CREATE TABLE public.api_user (
    id bigint NOT NULL,
    password character varying(128) NOT NULL,
    last_login timestamp with time zone,
    is_superuser boolean NOT NULL,
    username character varying(150) NOT NULL,
    first_name character varying(150) NOT NULL,
    last_name character varying(150) NOT NULL,
    is_staff boolean NOT NULL,
    is_active boolean NOT NULL,
    date_joined timestamp with time zone NOT NULL,
    description character varying(1024) NOT NULL,
    email character varying(254)
);


ALTER TABLE public.api_user OWNER TO "play-with-me";

--
-- Name: api_user_groups; Type: TABLE; Schema: public; Owner: play-with-me
--

CREATE TABLE public.api_user_groups (
    id bigint NOT NULL,
    user_id bigint NOT NULL,
    group_id integer NOT NULL
);


ALTER TABLE public.api_user_groups OWNER TO "play-with-me";

--
-- Name: api_user_groups_id_seq; Type: SEQUENCE; Schema: public; Owner: play-with-me
--

ALTER TABLE public.api_user_groups ALTER COLUMN id ADD GENERATED BY DEFAULT AS IDENTITY (
    SEQUENCE NAME public.api_user_groups_id_seq
    START WITH 1
    INCREMENT BY 1
    NO MINVALUE
    NO MAXVALUE
    CACHE 1
);


--
-- Name: api_user_id_seq; Type: SEQUENCE; Schema: public; Owner: play-with-me
--

ALTER TABLE public.api_user ALTER COLUMN id ADD GENERATED BY DEFAULT AS IDENTITY (
    SEQUENCE NAME public.api_user_id_seq
    START WITH 1
    INCREMENT BY 1
    NO MINVALUE
    NO MAXVALUE
    CACHE 1
);


--
-- Name: api_user_lang; Type: TABLE; Schema: public; Owner: play-with-me
--

CREATE TABLE public.api_user_lang (
    id bigint NOT NULL,
    user_id bigint NOT NULL,
    language_id bigint NOT NULL
);


ALTER TABLE public.api_user_lang OWNER TO "play-with-me";

--
-- Name: api_user_lang_id_seq; Type: SEQUENCE; Schema: public; Owner: play-with-me
--

ALTER TABLE public.api_user_lang ALTER COLUMN id ADD GENERATED BY DEFAULT AS IDENTITY (
    SEQUENCE NAME public.api_user_lang_id_seq
    START WITH 1
    INCREMENT BY 1
    NO MINVALUE
    NO MAXVALUE
    CACHE 1
);


--
-- Name: api_user_user_permissions; Type: TABLE; Schema: public; Owner: play-with-me
--

CREATE TABLE public.api_user_user_permissions (
    id bigint NOT NULL,
    user_id bigint NOT NULL,
    permission_id integer NOT NULL
);


ALTER TABLE public.api_user_user_permissions OWNER TO "play-with-me";

--
-- Name: api_user_user_permissions_id_seq; Type: SEQUENCE; Schema: public; Owner: play-with-me
--

ALTER TABLE public.api_user_user_permissions ALTER COLUMN id ADD GENERATED BY DEFAULT AS IDENTITY (
    SEQUENCE NAME public.api_user_user_permissions_id_seq
    START WITH 1
    INCREMENT BY 1
    NO MINVALUE
    NO MAXVALUE
    CACHE 1
);


--
-- Name: auth_group; Type: TABLE; Schema: public; Owner: play-with-me
--

CREATE TABLE public.auth_group (
    id integer NOT NULL,
    name character varying(150) NOT NULL
);


ALTER TABLE public.auth_group OWNER TO "play-with-me";

--
-- Name: auth_group_id_seq; Type: SEQUENCE; Schema: public; Owner: play-with-me
--

ALTER TABLE public.auth_group ALTER COLUMN id ADD GENERATED BY DEFAULT AS IDENTITY (
    SEQUENCE NAME public.auth_group_id_seq
    START WITH 1
    INCREMENT BY 1
    NO MINVALUE
    NO MAXVALUE
    CACHE 1
);


--
-- Name: auth_group_permissions; Type: TABLE; Schema: public; Owner: play-with-me
--

CREATE TABLE public.auth_group_permissions (
    id bigint NOT NULL,
    group_id integer NOT NULL,
    permission_id integer NOT NULL
);


ALTER TABLE public.auth_group_permissions OWNER TO "play-with-me";

--
-- Name: auth_group_permissions_id_seq; Type: SEQUENCE; Schema: public; Owner: play-with-me
--

ALTER TABLE public.auth_group_permissions ALTER COLUMN id ADD GENERATED BY DEFAULT AS IDENTITY (
    SEQUENCE NAME public.auth_group_permissions_id_seq
    START WITH 1
    INCREMENT BY 1
    NO MINVALUE
    NO MAXVALUE
    CACHE 1
);


--
-- Name: auth_permission; Type: TABLE; Schema: public; Owner: play-with-me
--

CREATE TABLE public.auth_permission (
    id integer NOT NULL,
    name character varying(255) NOT NULL,
    content_type_id integer NOT NULL,
    codename character varying(100) NOT NULL
);


ALTER TABLE public.auth_permission OWNER TO "play-with-me";

--
-- Name: auth_permission_id_seq; Type: SEQUENCE; Schema: public; Owner: play-with-me
--

ALTER TABLE public.auth_permission ALTER COLUMN id ADD GENERATED BY DEFAULT AS IDENTITY (
    SEQUENCE NAME public.auth_permission_id_seq
    START WITH 1
    INCREMENT BY 1
    NO MINVALUE
    NO MAXVALUE
    CACHE 1
);


--
-- Name: authtoken_token; Type: TABLE; Schema: public; Owner: play-with-me
--

CREATE TABLE public.authtoken_token (
    key character varying(40) NOT NULL,
    created timestamp with time zone NOT NULL,
    user_id bigint NOT NULL
);


ALTER TABLE public.authtoken_token OWNER TO "play-with-me";

--
-- Name: django_admin_log; Type: TABLE; Schema: public; Owner: play-with-me
--

CREATE TABLE public.django_admin_log (
    id integer NOT NULL,
    action_time timestamp with time zone NOT NULL,
    object_id text,
    object_repr character varying(200) NOT NULL,
    action_flag smallint NOT NULL,
    change_message text NOT NULL,
    content_type_id integer,
    user_id bigint NOT NULL,
    CONSTRAINT django_admin_log_action_flag_check CHECK ((action_flag >= 0))
);


ALTER TABLE public.django_admin_log OWNER TO "play-with-me";

--
-- Name: django_admin_log_id_seq; Type: SEQUENCE; Schema: public; Owner: play-with-me
--

ALTER TABLE public.django_admin_log ALTER COLUMN id ADD GENERATED BY DEFAULT AS IDENTITY (
    SEQUENCE NAME public.django_admin_log_id_seq
    START WITH 1
    INCREMENT BY 1
    NO MINVALUE
    NO MAXVALUE
    CACHE 1
);


--
-- Name: django_content_type; Type: TABLE; Schema: public; Owner: play-with-me
--

CREATE TABLE public.django_content_type (
    id integer NOT NULL,
    app_label character varying(100) NOT NULL,
    model character varying(100) NOT NULL
);


ALTER TABLE public.django_content_type OWNER TO "play-with-me";

--
-- Name: django_content_type_id_seq; Type: SEQUENCE; Schema: public; Owner: play-with-me
--

ALTER TABLE public.django_content_type ALTER COLUMN id ADD GENERATED BY DEFAULT AS IDENTITY (
    SEQUENCE NAME public.django_content_type_id_seq
    START WITH 1
    INCREMENT BY 1
    NO MINVALUE
    NO MAXVALUE
    CACHE 1
);


--
-- Name: django_migrations; Type: TABLE; Schema: public; Owner: play-with-me
--

CREATE TABLE public.django_migrations (
    id bigint NOT NULL,
    app character varying(255) NOT NULL,
    name character varying(255) NOT NULL,
    applied timestamp with time zone NOT NULL
);


ALTER TABLE public.django_migrations OWNER TO "play-with-me";

--
-- Name: django_migrations_id_seq; Type: SEQUENCE; Schema: public; Owner: play-with-me
--

ALTER TABLE public.django_migrations ALTER COLUMN id ADD GENERATED BY DEFAULT AS IDENTITY (
    SEQUENCE NAME public.django_migrations_id_seq
    START WITH 1
    INCREMENT BY 1
    NO MINVALUE
    NO MAXVALUE
    CACHE 1
);


--
-- Name: django_session; Type: TABLE; Schema: public; Owner: play-with-me
--

CREATE TABLE public.django_session (
    session_key character varying(40) NOT NULL,
    session_data text NOT NULL,
    expire_date timestamp with time zone NOT NULL
);


ALTER TABLE public.django_session OWNER TO "play-with-me";

--
-- Data for Name: api_event; Type: TABLE DATA; Schema: public; Owner: play-with-me
--

COPY public.api_event (id, date_time, creator_id, game_id) FROM stdin;
\.


--
-- Data for Name: api_event_participants; Type: TABLE DATA; Schema: public; Owner: play-with-me
--

COPY public.api_event_participants (id, modelator, admin, event_id, user_id) FROM stdin;
\.


--
-- Data for Name: api_friendship; Type: TABLE DATA; Schema: public; Owner: play-with-me
--

COPY public.api_friendship (id, create_date, user1_id, user2_id) FROM stdin;
\.


--
-- Data for Name: api_game; Type: TABLE DATA; Schema: public; Owner: play-with-me
--

COPY public.api_game (id, name, release_date, description, publisher, max_player, online) FROM stdin;
303	Star Trek Legacy	2006	\N	Ubisoft	2	f
470	MySims	2007	\N	EA	1	f
501	Sonic Rush Adventure	2007	\\N	Sega	1	f
502	Tiger Woods PGA Tour 08	2007	\\N	EA	4	f
503	Tony Hawk's Proving Ground	2007	\\N	Activision	2	f
504	Call of Duty: Roads to Victory	2007	\\N	Activision	1	f
505	Transformers: The Game	2007	\\N	Activision	1	f
506	NBA 2K8	2007	\\N	2K	7	f
507	Medal of Honor: Heroes 2	2007	\\N	EA	1	f
508	Spider-Man 3	2007	\\N	Activision	1	f
509	Tom Clancy's Rainbow Six: Vegas	2007	\\N	Ubisoft	2	f
510	Need for Speed: ProStreet	2007	\\N	EA	2	f
511	NBA LIVE 08 	2007	\\N	EA	1	f
512	Dance Dance Revolution Universe 2	2007	\\N	Konami	4	f
513	MX vs. ATV Untamed	2007	\\N	THQ	2	f
514	Final Fantasy IV	2007	\\N	SquareEnix	1	f
515	NBA Street Homecourt	2007	\\N	EA	4	f
516	The Simpsons Game	2007	\\N	EA	2	f
517	Winter Sports: The Ultimate Challenge	2007	\\N	\\N	1	f
518	WWE Smackdown vs. Raw 2008	2007	\\N	THQ	4	f
519	Tiger Woods PGA Tour 07	2007	\\N	EA	4	f
520	Crash of the Titans	2007	\\N	\\N	1	f
521	Sonic Rivals 2	2007	\\N	Sega	1	f
522	Boogie	2007	\\N	EA	2	f
523	Medal of Honor: Airborne	2007	\\N	EA	2	f
524	The Sims 2: Castaway	2007	\\N	EA	1	f
525	Spider-Man 3	2007	\\N	Activision	1	f
526	Lost Odyssey	2007	\\N	Microsoft	1	f
527	Bee Movie Game	2007	\\N	Activision	1	f
528	Spider-Man 3	2007	\\N	Activision	1	f
529	Final Fantasy Tactics	2007	\\N	SquareEnix	1	f
530	Endless Ocean	2007	\\N	Nintendo	1	f
531	SingStar	2007	\\N	Sony	6	f
532	Ratatouille	2007	\\N	THQ	1	f
533	The Sims 2: Pets	2007	\\N	EA	1	f
534	Two Worlds	2007	\\N	\\N	1	f
535	Crash of the Titans	2007	\\N	\\N	2	f
536	Sonic the Hedgehog	2007	\\N	Sega	2	f
537	Mega Man Star Force: Dragon	2007	\\N	Capcom	1	f
538	Sonic the Hedgehog	2007	\\N	Sega	2	f
539	Harry Potter and the Order of the Phoeni	2007	\\N	EA	1	f
540	Nicktoons: Attack of the Toybots	2007	\\N	THQ	1	f
541	WWE Smackdown vs. Raw 2008	2007	\\N	THQ	4	f
542	The Simpsons Game	2007	\\N	EA	2	f
543	DiRT	2007	\\N	\\N	1	f
544	Kane & Lynch: Dead Men	2007	\\N	Eidos	2	f
545	Jam Sessions	2007	\\N	Ubisoft	1	f
546	Monster Hunter Freedom 2	2007	\\N	Capcom	1	f
547	Shadowrun	2007	\\N	Microsoft	1	f
548	Thrillville: Off the Rails	2007	\\N	\\N	4	f
549	Tony Hawk's Proving Ground	2007	\\N	Activision	2	f
550	My Word Coach	2007	\\N	Ubisoft	1	f
551	The World Ends With You	2007	\\N	SquareEnix	1	f
552	The BIGS	2007	\\N	2K	4	f
553	NCAA Football 08	2007	\\N	EA	2	f
554	Final Fantasy Tactics A2: Grimoire of th	2007	\\N	SquareEnix	1	f
555	Beowulf: The Game	2007	\\N	Ubisoft	1	f
556	The Darkness	2007	\\N	2K	1	f
557	Tom Clancy's Ghost Recon: Advanced Warfi	2007	\\N	Ubisoft	4	f
558	Final Fantasy	2007	\\N	SquareEnix	1	f
559	Lair	2007	\\N	Sony	1	f
560	Transformers: The Game	2007	\\N	Activision	1	f
561	Command & Conquer 3: Tiberium Wars	2007	\\N	EA	1	f
562	Overlord	2007	\\N	\\N	1	f
563	Diner Dash	2007	\\N	\\N	1	f
564	Medal of Honor: Heroes 2	2007	\\N	EA	1	f
565	MX vs. ATV Untamed	2007	\\N	THQ	2	f
566	Time Crisis 4	2007	\\N	Namco	2	f
567	Dragon Ball Z: Budokai Tenkaichi 3	2007	\\N	Atari	2	f
568	Final Fantasy XII: Revenant Wings	2007	\\N	SquareEnix	1	f
569	SOCOM: U.S. Navy SEALs - Tactical Strike	2007	\\N	Sony	1	f
570	Unreal Tournament III	2007	\\N	Midway	1	f
571	Bee Movie Game	2007	\\N	Activision	2	f
572	Def Jam: Icon	2007	\\N	EA	2	f
573	Transformers: The Game	2007	\\N	Activision	1	f
574	TimeShift	2007	\\N	\\N	1	f
575	SSX Blur	2007	\\N	EA	4	f
576	Bleach: The Blade of Fate	2007	\\N	Sega	1	f
577	EA Playground	2007	\\N	EA	1	f
578	Final Fantasy II	2007	\\N	SquareEnix	1	f
579	The Eye of Judgment	2007	\\N	Sony	2	f
580	MLB 07: The Show	2007	\\N	Sony	2	f
581	Virtua Fighter 5	2007	\\N	Sega	2	f
582	NiGHTS: Journey of Dreams	2007	\\N	Sega	2	f
583	Puzzle Quest: Challenge of the Warlords	2007	\\N	\\N	1	f
584	NBA Live 08	2007	\\N	EA	1	f
585	Kane & Lynch: Dead Men	2007	\\N	Eidos	2	f
586	Crash of the Titans	2007	\\N	\\N	2	f
587	Harry Potter and the Order of the Phoeni	2007	\\N	EA	1	f
588	SimCity DS	2007	\\N	EA	1	f
589	Wario: Master of Disguise	2007	\\N	Nintendo	1	f
590	No More Heroes	2007	\\N	Ubisoft	1	f
591	BlackSite: Area 51	2007	\\N	Midway	1	f
592	Shrek the Third	2007	\\N	Activision	2	f
593	Shrek the Third	2007	\\N	Activision	1	f
594	Surf's Up	2007	\\N	Ubisoft	1	f
595	MLB 07: The Show	2007	\\N	Sony	1	f
596	TMNT	2007	\\N	Ubisoft	1	f
597	Spider-Man: Friend or Foe	2007	\\N	Activision	2	f
598	Contra 4	2007	\\N	Konami	1	f
599	Phoenix Wright: Ace Attorney - Trials an	2007	\\N	Capcom	1	f
600	Disney Pirates of the Caribbean: At Worl	2007	\\N	Disney	1	f
601	Dragon Ball Z: Shin Budokai - Another Ro	2007	\\N	Atari,Namco	1	f
602	Spider-Man 3	2007	\\N	Activision	1	f
603	The Golden Compass	2007	\\N	Sega	1	f
604	Stuntman: Ignition	2007	\\N	THQ	4	f
605	Chicken Shoot	2007	\\N	\\N	2	f
606	Shrek the Third	2007	\\N	Activision	2	f
607	DK: Jungle Climber	2007	\\N	Nintendo	1	f
608	Dragon Quest IV: Chapters of the Chosen	2007	\\N	SquareEnix	1	f
609	300: March to Glory	2007	\\N	Eidos	1	f
610	Fire Emblem: Radiant Dawn	2007	\\N	Nintendo	1	f
611	The Golden Compass	2007	\\N	Sega	1	f
612	Manhunt 2	2007	\\N	Rockstar	1	f
613	NASCAR 08	2007	\\N	EA	1	f
614	Virtua Tennis 3	2007	\\N	Sega	4	f
615	All-Pro Football 2K8	2007	\\N	2K	4	f
616	Major League Baseball 2K7	2007	\\N	2K	2	f
617	The Warriors	2007	\\N	Rockstar	1	f
618	Ghost Rider	2007	\\N	2K	4	f
619	Tony Hawk's Proving Ground	2007	\\N	Activision	2	f
620	Juiced 2: Hot Import Nights	2007	\\N	THQ	2	f
621	Juiced 2: Hot Import Nights	2007	\\N	THQ	1	f
622	The Simpsons Game	2007	\\N	EA	1	f
623	Syphon Filter: Logan's Shadow	2007	\\N	Sony	1	f
624	Tiger Woods PGA Tour 08	2007	\\N	EA	4	f
625	Ratatouille	2007	\\N	THQ	4	f
626	Trauma Center: New Blood	2007	\\N	Nintendo	2	f
627	Hotel Dusk: Room 215	2007	\\N	Nintendo	1	f
628	Mega Man ZX Advent	2007	\\N	Capcom	1	f
629	Silent Hill: 0rigins	2007	\\N	Konami	1	f
630	Harry Potter and the Order of the Phoeni	2007	\\N	EA	1	f
631	NHL 08 	2007	\\N	EA	1	f
632	Castlevania: The Dracula X Chronicles	2007	\\N	Konami	2	f
633	Tony Hawk's Proving Ground	2007	\\N	Activision	1	f
634	Jeanne d'Arc	2007	\\N	Sony	1	f
635	BWii: Battalion Wars 2	2007	\\N	Nintendo	1	f
636	Battlestations: Midway	2007	\\N	Eidos	1	f
637	Dragon Ball Z: Harukanaru Densetsu	2007	\\N	Atari	1	f
638	Touch the Dead	2007	\\N	\\N	1	f
639	The Darkness	2007	\\N	2K	1	f
640	Donkey Kong Barrel Blast	2007	\\N	Nintendo	4	f
641	The BIGS	2007	\\N	2K	4	f
642	Armored Core 4	2007	\\N	Sega	2	f
643	Etrian Odyssey	2007	\\N	Nintendo	1	f
644	Ben 10: Protector of the Earth	2007	\\N	\\N	1	f
645	Tom Clancy's Splinter Cell: Double Agent	2007	\\N	Ubisoft	1	f
646	Looney Tunes: Acme Arsenal	2007	\\N	\\N	1	f
647	Zack & Wiki: Quest for Barbaros' Treasur	2007	\\N	Capcom	1	f
648	Monster Jam	2007	\\N	Activision	4	f
649	Virtua Fighter 5	2007	\\N	Sega	2	f
650	Lunar Knights	2007	\\N	Konami	1	f
651	Enchanted Arms	2007	\\N	Ubisoft	1	f
652	F.E.A.R.: First Encounter Assault Recon	2007	\\N	\\N	1	f
653	Folklore	2007	\\N	Sony	1	f
654	Juiced 2: Hot Import Nights	2007	\\N	THQ	1	f
655	The Elder Scrolls IV: Shivering Isles	2007	\\N	\\N	1	f
656	NHL 08	2007	\\N	EA	7	f
657	NCAA 07 March Madness	2007	\\N	EA	4	f
658	Rayman Raving Rabbids	2007	\\N	Ubisoft	4	f
659	Viva Pi$?ata: Party Animals	2007	\\N	Microsoft	4	f
660	Warriors Orochi	2007	\\N	\\N	2	f
661	Luminous Arc	2007	\\N	\\N	1	f
662	Picross DS	2007	\\N	Nintendo	1	f
663	Harry Potter and the Order of the Phoeni	2007	\\N	EA	1	f
664	College Hoops 2K7	2007	\\N	2K	6	f
665	The BIGS	2007	\\N	2K	4	f
666	Stuntman: Ignition	2007	\\N	THQ	4	f
667	Mortal Kombat: Armageddon	2007	\\N	Midway	4	f
668	Def Jam: Icon	2007	\\N	EA	2	f
669	Soulcalibur Legends	2007	\\N	Namco	2	f
670	Surf's Up	2007	\\N	Ubisoft	2	f
671	Planet Puzzle League	2007	\\N	Nintendo	1	f
672	DiRT	2007	\\N	\\N	1	f
673	TMNT	2007	\\N	Ubisoft	1	f
674	Soldier of Fortune: Payback	2007	\\N	Activision	1	f
675	Dynasty Warriors: Gundam	2007	\\N	Namco	2	f
676	Disney Pirates of the Caribbean: At Worl	2007	\\N	Disney	2	f
677	Bee Movie Game	2007	\\N	Activision	2	f
678	Dynasty Warriors: Gundam	2007	\\N	Namco	2	f
679	Golden Axe	2007	\\N	Sega	2	f
680	Dementium: The Ward	2007	\\N	\\N	1	f
681	Rondo of Swords	2007	\\N	\\N	1	f
682	Disgaea: Afternoon of Darkness	2007	\\N	\\N	1	f
683	NASCAR 08	2007	\\N	EA	1	f
684	Dragon Quest Swords: The Masked Queen an	2007	\\N	SquareEnix	1	f
685	Call of Juarez	2007	\\N	Ubisoft	1	f
686	College Hoops 2K8	2007	\\N	2K	1	f
687	Eternal Sonata	2007	\\N	Namco	1	f
688	Kingdom Under Fire: Circle of Doom	2007	\\N	Microsoft	1	f
689	Vampire Rain	2007	\\N	Microsoft	1	f
690	All-Pro Football 2K8	2007	\\N	2K	6	f
691	Mercury Meltdown	2007	\\N	\\N	2	f
692	Conan	2007	\\N	THQ	1	f
693	Godzilla: Unleashed	2007	\\N	Atari	1	f
694	NBA Live 08	2007	\\N	EA	1	f
695	Conan	2007	\\N	THQ	1	f
696	Spider-Man: Friend or Foe	2007	\\N	Activision	2	f
697	College Hoops 2K8	2007	\\N	2K	7	f
698	NBA 08	2007	\\N	Sony	4	f
699	Thrillville: Off the Rails	2007	\\N	\\N	4	f
700	Geometry Wars: Galaxies	2007	\\N	\\N	1	f
701	Rayman Raving Rabbids	2007	\\N	Ubisoft	1	f
702	WordJong	2007	\\N	\\N	1	f
703	Warhammer 40,000: Squad Command	2007	\\N	THQ	1	f
704	Beowulf: The Game	2007	\\N	Ubisoft	1	f
705	The Golden Compass	2007	\\N	Sega	1	f
706	Scarface: The World is Yours	2007	\\N	\\N	1	f
707	Hot Wheels: Beat That!	2007	\\N	Activision	1	f
708	NHL 2K8 	2007	\\N	2K	1	f
709	NBA Street Homecourt	2007	\\N	EA	4	f
710	Geometry Wars: Galaxies	2007	\\N	\\N	2	f
711	Final Fantasy: Crystal Chronicles - Echo	2007	\\N	SquareEnix	1	f
712	Godzilla Unleashed: Double Smash	2007	\\N	Atari	1	f
713	MX vs. ATV Untamed	2007	\\N	THQ	1	f
714	WWE SmackDown vs. Raw 2008	2007	\\N	THQ	1	f
715	The BIGS	2007	\\N	2K	1	f
716	Brave Story: New Traveler	2007	\\N	\\N	1	f
717	WipEout Pulse	2007	\\N	Sony	1	f
718	TimeShift	2007	\\N	\\N	1	f
719	Star Trek: Conquest	2007	\\N	\\N	1	f
720	Beautiful Katamari	2007	\\N	Namco	1	f
721	Hour of Victory	2007	\\N	Midway	1	f
722	Fantastic Four: Rise of the Silver Surfe	2007	\\N	2K	4	f
723	SEGA Rally Revo	2007	\\N	Sega	2	f
724	7 Wonders of the Ancient World	2007	\\N	\\N	1	f
725	Draglade	2007	\\N	\\N	1	f
726	Final Fantasy Fables: Chocobo Tales	2007	\\N	SquareEnix	1	f
727	Marvel Trading Card Game	2007	\\N	Konami	1	f
728	Crazy Taxi: Fare Wars	2007	\\N	Sega	1	f
729	The Golden Compass	2007	\\N	Sega	1	f
730	Harry Potter and the Order of the Phoeni	2007	\\N	EA	1	f
731	Bladestorm: The Hundred Years' War	2007	\\N	\\N	1	f
732	Surf's Up	2007	\\N	Ubisoft	4	f
733	Blazing Angels 2: Secret Missions of WWI	2007	\\N	Ubisoft	2	f
734	InuYasha: Secret of the Divine Jewel	2007	\\N	Namco	1	f
735	The Settlers	2007	\\N	Ubisoft	1	f
736	Shrek the Third	2007	\\N	Activision	1	f
737	Ratatouille	2007	\\N	THQ	1	f
738	Soldier of Fortune: Payback	2007	\\N	Activision	1	f
739	Heatseeker	2007	\\N	\\N	1	f
740	NHL 2K8	2007	\\N	\\N	7	f
741	NCAA March Madness 08	2007	\\N	EA	4	f
742	Fantastic Four: Rise of the Silver Surfe	2007	\\N	2K	4	f
743	Monster Madness: Battle for Suburbia	2007	\\N	\\N	4	f
744	Pro Evolution Soccer 2008	2007	\\N	Konami	4	f
745	Blazing Angels 2: Secret Missions of WWI	2007	\\N	Ubisoft	2	f
746	Cake Mania	2007	\\N	\\N	1	f
747	River King: Mystic Valley	2007	\\N	\\N	1	f
748	Touch Detective 2 1/2	2007	\\N	\\N	1	f
749	7 Wonders of the Ancient World	2007	\\N	\\N	1	f
750	Brooktown High	2007	\\N	Konami	1	f
751	Crush	2007	\\N	Sega	1	f
752	Jackass: The Game	2007	\\N	\\N	1	f
753	The Sims 2: Castaway	2007	\\N	EA	1	f
754	Test Drive Unlimited	2007	\\N	Atari	1	f
755	Thrillville: Off the Rails	2007	\\N	\\N	1	f
756	Victorious Boxers: Revolution	2007	\\N	Ubisoft	1	f
757	Bladestorm: The Hundred Years' War	2007	\\N	\\N	1	f
758	Looney Tunes: Acme Arsenal	2007	\\N	\\N	4	f
759	SEGA Rally Revo	2007	\\N	Sega	2	f
760	Death Jr. and the Science Fair of Doom	2007	\\N	Konami	1	f
761	Indianapolis 500 Legends	2007	\\N	\\N	1	f
762	Worms: Open Warfare 2	2007	\\N	THQ	1	f
763	Alien Syndrome	2007	\\N	Sega	1	f
764	BlackSite: Area 51	2007	\\N	Midway	1	f
765	Code Lyoko: Quest for Infinity	2007	\\N	\\N	1	f
766	Super Swing Golf Season 2	2007	\\N	\\N	1	f
767	FlatOut: Ultimate Carnage	2007	\\N	\\N	1	f
768	Zoids Assault	2007	\\N	\\N	1	f
769	Alien Syndrome	2007	\\N	Sega	4	f
770	Tetris Evolution	2007	\\N	THQ	4	f
771	Heroes of Mana	2007	\\N	SquareEnix	1	f
772	Myst	2007	\\N	Midway	1	f
773	Coded Arms: Contagion	2007	\\N	Konami	1	f
774	King of Clubs	2007	\\N	\\N	1	f
775	F.E.A.R. Files	2007	\\N	\\N	1	f
776	Ontamarama	2007	\\N	\\N	1	f
777	Retro Game Challenge	2007	\\N	Namco	1	f
778	Ultimate Mortal Kombat 3	2007	\\N	Midway	1	f
779	Warhammer 40,000: Squad Command	2007	\\N	THQ	1	f
780	Juiced 2: Hot Import Nights	2007	\\N	THQ	1	f
781	Pursuit Force: Extreme Justice	2007	\\N	Sony	1	f
782	Medal of Honor: Vanguard	2007	\\N	EA	1	f
783	World Series of Poker 2008: Battle for t	2007	\\N	Activision	1	f
784	Pro Evolution Soccer 2008	2007	\\N	Konami	7	f
785	Worms: Open Warfare 2	2007	\\N	THQ	4	f
786	Surf's Up	2007	\\N	Ubisoft	4	f
787	Fantastic Four: Rise of the Silver Surfe	2007	\\N	2K	4	f
788	Brothers in Arms DS	2007	\\N	Ubisoft	1	f
789	Bubble Bobble Double Shot	2007	\\N	\\N	1	f
790	Fantastic Four: Rise of the Silver Surfe	2007	\\N	2K	1	f
791	Zendoku	2007	\\N	Eidos	1	f
792	Heatseeker	2007	\\N	\\N	1	f
793	Manhunt 2	2007	\\N	Rockstar	1	f
794	SWAT: Target Liberty	2007	\\N	\\N	1	f
795	Anubis II	2007	\\N	\\N	1	f
796	Barnyard	2007	\\N	THQ	1	f
797	Escape from Bug Island	2007	\\N	Eidos	1	f
798	Octomania	2007	\\N	\\N	1	f
799	Cabela's Big Game Hunter	2007	\\N	Activision	1	f
800	UEFA Champions League 2006-2007	2007	\\N	EA	4	f
801	Aliens Vs Predator: Requiem	2007	\\N	\\N	2	f
802	NBA 08	2007	\\N	Sony	2	f
803	Guilty Gear XX ? Core	2007	\\N	\\N	2	f
804	Arkanoid DS	2007	\\N	SquareEnix	1	f
805	Code Lyoko	2007	\\N	\\N	1	f
806	Dynasty Warriors DS: Fighter's Battle	2007	\\N	\\N	1	f
807	Orcs & Elves	2007	\\N	EA	1	f
808	Prism: Light the Way	2007	\\N	Eidos	1	f
809	Dead Head Fred	2007	\\N	\\N	1	f
810	Hot Pixel	2007	\\N	Atari	1	f
811	The Legend of Heroes III: Song of the Oc	2007	\\N	Namco	1	f
812	SEGA Rally Revo	2007	\\N	Sega	1	f
813	Bionicle Heroes	2007	\\N	Eidos	1	f
814	Burnout Dominator	2007	\\N	EA	4	f
815	Samurai Warriors 2: Empires	2007	\\N	\\N	2	f
816	Meteos: Disney Magic	2007	\\N	Disney	1	f
817	Turn It Around	2007	\\N	\\N	1	f
818	Cube	2007	\\N	\\N	1	f
819	Dragoneer's Aria	2007	\\N	\\N	1	f
820	The Fast and the Furious	2007	\\N	Namco	1	f
821	R-Type Command	2007	\\N	\\N	1	f
822	Virtua Tennis 3	2007	\\N	Sega	1	f
823	Virtua Tennis 3	2007	\\N	Sega	4	f
824	Front Mission	2007	\\N	SquareEnix	1	f
825	Lost in Blue 2	2007	\\N	Konami	1	f
826	Nervous Brickdown	2007	\\N	\\N	1	f
827	Sea Monsters: A Prehistoric Adventure	2007	\\N	\\N	1	f
828	After Burner: Black Falcon	2007	\\N	Sega	1	f
829	Capcom Puzzle World	2007	\\N	Capcom	1	f
830	Puzzle Quest: Challenge of the Warlords	2007	\\N	\\N	1	f
831	Smash Court Tennis 3	2007	\\N	Namco	1	f
832	UEFA Champions League 2006-2007	2007	\\N	EA	1	f
833	Driver: Parallel Lines	2007	\\N	Ubisoft	1	f
834	Mario Kart Wii	2008	\\N	Nintendo	4	f
835	Grand Theft Auto IV	2008	\\N	Rockstar	1	f
836	Super Smash Bros.: Brawl	2008	\\N	Nintendo	6	f
837	Call of Duty: World at War	2008	\\N	Activision	4	f
838	Grand Theft Auto IV	2008	\\N	Rockstar	1	f
839	Gears of War 2	2008	\\N	Microsoft	2	f
840	Pokmon: Platinum Version	2008	\\N	Nintendo	1	f
841	Metal Gear Solid 4: Guns of the Patriots	2008	\\N	Konami	1	f
842	Fable II	2008	\\N	Microsoft	1	f
843	Call of Duty: World at War	2008	\\N	Activision	4	f
844	Guitar Hero: World Tour	2008	\\N	Activision	4	f
845	LittleBigPlanet	2008	\\N	Sony	4	f
846	Fallout 3	2008	\\N	\\N	1	f
847	LEGO Indiana Jones: The Original Adventu	2008	\\N	\\N	2	f
848	Left 4 Dead	2008	\\N	\\N	2	f
849	Madden NFL 09	2008	\\N	EA	4	f
850	Guitar Hero: On Tour	2008	\\N	Activision	1	f
851	Kung Fu Panda	2008	\\N	Activision	4	f
852	Rock Band 2	2008	\\N	\\N	4	f
853	Sega Superstars Tennis	2008	\\N	Sega	4	f
854	Guitar Hero: World Tour	2008	\\N	Activision	4	f
855	Animal Crossing: City Folk	2008	\\N	Nintendo	1	f
856	Mario & Sonic at the Olympic Games	2008	\\N	Nintendo,Sega	1	f
857	Madden NFL 09	2008	\\N	EA	4	f
858	LEGO Batman: The Videogame	2008	\\N	\\N	2	f
859	Tom Clancy's Rainbow Six: Vegas 2	2008	\\N	Ubisoft	2	f
860	Kirby Super Star Ultra	2008	\\N	Nintendo	1	f
861	Star Wars: The Force Unleashed	2008	\\N	\\N	1	f
862	God of War: Chains of Olympus	2008	\\N	Sony	1	f
863	Fallout 3	2008	\\N	\\N	1	f
864	Pure	2008	\\N	Disney	1	f
865	LEGO Indiana Jones: The Original Adventu	2008	\\N	\\N	2	f
866	Rock Band	2008	\\N	\\N	2	f
867	LEGO Batman: The Videogame	2008	\\N	\\N	1	f
868	Saints Row 2	2008	\\N	THQ	1	f
869	LEGO Batman: The Videogame	2008	\\N	\\N	2	f
870	Call of Duty: World at War	2008	\\N	Activision	2	f
871	Midnight Club: Los Angeles	2008	\\N	Rockstar	1	f
872	Mortal Kombat vs. DC Universe	2008	\\N	Midway	2	f
873	Army of Two	2008	\\N	EA	2	f
874	Resistance 2	2008	\\N	Sony	2	f
875	Rock Band 2	2008	\\N	\\N	1	f
876	Midnight Club: Los Angeles	2008	\\N	Rockstar	1	f
877	Sonic Unleashed	2008	\\N	Sega	1	f
878	NBA 2K9 	2008	\\N	2K	1	f
879	Guitar Hero: World Tour	2008	\\N	Activision	4	f
880	Guitar Hero: Aerosmith	2008	\\N	Activision	1	f
881	Star Wars: The Force Unleashed	2008	\\N	\\N	2	f
882	Burnout Paradise	2008	\\N	EA	1	f
883	Pokmon Ranger: Shadows of Almia	2008	\\N	Nintendo	1	f
884	Mortal Kombat vs. DC Universe	2008	\\N	Midway	2	f
885	Dead Space	2008	\\N	EA	1	f
886	Shaun White Snowboarding: Road Trip	2008	\\N	Ubisoft	1	f
887	Star Wars: The Force Unleashed	2008	\\N	\\N	1	f
888	Guitar Hero: Aerosmith	2008	\\N	Activision	2	f
889	SOCOM: U.S. Navy SEALs - Confrontation	2008	\\N	Sony	1	f
890	SoulCalibur IV	2008	\\N	Namco	2	f
891	Battlefield: Bad Company	2008	\\N	EA	1	f
892	Saints Row 2	2008	\\N	THQ	1	f
893	Guitar Hero: On Tour - Decades	2008	\\N	Activision	1	f
894	Devil May Cry 4	2008	\\N	Capcom	1	f
895	Mystery Case Files: MillionHeir	2008	\\N	Nintendo	1	f
896	Battlefield: Bad Company	2008	\\N	EA	1	f
897	Army of Two	2008	\\N	EA	2	f
898	Rayman Raving Rabbids TV Party	2008	\\N	Ubisoft	4	f
899	The House of the Dead 2 & 3 Return	2008	\\N	Sega	2	f
900	Far Cry 2	2008	\\N	Ubisoft	1	f
901	Boom Blox	2008	\\N	EA	4	f
902	Spore Creatures	2008	\\N	EA	1	f
903	Madden NFL 09	2008	\\N	EA	4	f
904	NCAA Football 09	2008	\\N	EA	4	f
905	MLB 08: The Show	2008	\\N	Sony	2	f
906	Tom Clancy's Rainbow Six: Vegas 2	2008	\\N	Ubisoft	2	f
907	Mercenaries 2: World in Flames	2008	\\N	EA	1	f
908	Need for Speed: Undercover	2008	\\N	EA	1	f
909	Guitar Hero: Aerosmith	2008	\\N	Activision	2	f
910	SoulCalibur IV	2008	\\N	Namco,Ubisoft	2	f
911	Valkyria Chronicles	2008	\\N	Sega	1	f
912	Harvest Moon: Tree of Tranquility	2008	\\N	\\N	1	f
913	Star Wars: The Clone Wars - Jedi Allianc	2008	\\N	\\N	1	f
914	Need for Speed: Undercover	2008	\\N	EA	1	f
915	Wario Land: Shake It!	2008	\\N	Nintendo	1	f
916	NBA 2K9	2008	\\N	2K	7	f
917	Major League Baseball 2K9	2008	\\N	2K	1	f
918	NCAA Football 09	2008	\\N	EA	4	f
919	Kung Fu Panda	2008	\\N	Activision	1	f
920	Devil May Cry 4	2008	\\N	Capcom	1	f
921	Tom Clancy's EndWar	2008	\\N	Ubisoft	1	f
922	LEGO Batman: The Videogame	2008	\\N	\\N	1	f
923	BioShock	2008	\\N	2K	1	f
924	Bully: Scholarship Edition	2008	\\N	Rockstar	1	f
925	Prince of Persia	2008	\\N	Ubisoft	1	f
926	Kung Fu Panda	2008	\\N	Activision	4	f
927	Sonic Chronicles: The Dark Brotherhood	2008	\\N	Sega	1	f
928	Chrono Trigger	2008	\\N	SquareEnix	2	f
929	Tomb Raider: Underworld	2008	\\N	Eidos	1	f
930	skate it	2008	\\N	EA	4	f
931	The Legendary Starfy	2008	\\N	Nintendo	1	f
932	Mirror's Edge	2008	\\N	EA	1	f
933	Haze	2008	\\N	Ubisoft	2	f
934	Dissidia: Final Fantasy	2008	\\N	SquareEnix	1	f
935	Sid Meier's Civilization: Revolution	2008	\\N	2K	1	f
936	Wall-E	2008	\\N	THQ	4	f
937	Prince of Persia	2008	\\N	Ubisoft	1	f
938	NHL 09 	2008	\\N	EA	1	f
939	Brothers in Arms: Hell's Highway	2008	\\N	Ubisoft	1	f
940	Shaun White Snowboarding	2008	\\N	Ubisoft	1	f
941	Turok	2008	\\N	\\N	1	f
942	Iron Man	2008	\\N	Sega	1	f
943	De Blob	2008	\\N	THQ	4	f
944	Sonic Riders: Zero Gravity	2008	\\N	Sega	4	f
945	Rhythm Heaven	2008	\\N	Nintendo	1	f
946	Tomb Raider: Underworld	2008	\\N	Eidos	1	f
947	Advance Wars: Days of Ruin	2008	\\N	Nintendo	4	f
948	LEGO Batman: The Videogame	2008	\\N	\\N	2	f
949	Far Cry 2	2008	\\N	Ubisoft	1	f
950	Harvest Moon: Island of Happiness	2008	\\N	\\N	1	f
951	Brothers in Arms: Hell's Highway	2008	\\N	Ubisoft	1	f
952	Sonic Unleashed	2008	\\N	Sega	1	f
953	Pinball Hall of Fame: The Williams Colle	2008	\\N	\\N	1	f
954	Sonic Unleashed	2008	\\N	Sega	1	f
955	Samba de Amigo	2008	\\N	Sega	2	f
956	?kami	2008	\\N	Capcom	1	f
957	LEGO Indiana Jones: The Original Adventu	2008	\\N	\\N	2	f
958	MotorStorm: Pacific Rift	2008	\\N	Sony	4	f
959	Tiger Woods PGA Tour 09	2008	\\N	EA	4	f
960	SimCity Creator	2008	\\N	EA	1	f
961	Tiger Woods PGA Tour 09	2008	\\N	EA	4	f
962	Sid Meier's Civilization: Revolution	2008	\\N	2K	1	f
963	Pure	2008	\\N	Disney	1	f
964	Turok	2008	\\N	\\N	1	f
965	Crash: Mind over Mutant	2008	\\N	\\N	1	f
966	Spider-Man: Web of Shadows	2008	\\N	Activision	1	f
967	Frontlines: Fuel of War	2008	\\N	THQ	1	f
968	GRID	2008	\\N	\\N	1	f
969	Too Human	2008	\\N	Microsoft	1	f
970	Speed Racer: The Videogame	2008	\\N	\\N	2	f
971	LEGO Indiana Jones: The Original Adventu	2008	\\N	\\N	1	f
972	SEGA Bass Fishing	2008	\\N	Sega	1	f
973	The Chronicles of Narnia: Prince Caspian	2008	\\N	Disney	2	f
974	Iron Man	2008	\\N	Sega	1	f
975	The Sims 2: Apartment Pets	2008	\\N	EA	1	f
976	MLB 08: The Show	2008	\\N	Sony	1	f
977	Iron Man	2008	\\N	Sega	1	f
978	Madagascar: Escape 2 Africa	2008	\\N	Activision	1	f
979	GRID	2008	\\N	\\N	1	f
980	NHL 09	2008	\\N	EA	1	f
981	Banjo-Kazooie: Nuts & Bolts	2008	\\N	Microsoft	1	f
982	Hot Shots Golf: Out of Bounds	2008	\\N	Sony	4	f
983	Rune Factory 2: A Fantasy Harvest Moon	2008	\\N	\\N	1	f
984	SimCity Creator	2008	\\N	EA	1	f
985	Patapon	2008	\\N	Sony	1	f
986	Shaun White Snowboarding	2008	\\N	Ubisoft	1	f
987	Iron Man	2008	\\N	Sega	1	f
989	Lost Planet: Extreme Condition	2008	\\N	Capcom	1	f
990	Mirror's Edge	2008	\\N	EA	1	f
991	The Incredible Hulk	2008	\\N	Sega	1	f
992	Condemned 2: Bloodshot	2008	\\N	Sega	1	f
993	Sega Superstars Tennis	2008	\\N	Sega	4	f
994	Speed Racer: The Videogame	2008	\\N	\\N	1	f
995	Viva Pi$?ata: Pocket Paradise	2008	\\N	THQ	1	f
996	Tom Clancy's EndWar	2008	\\N	Ubisoft	1	f
997	Iron Man	2008	\\N	Sega	1	f
998	Need for Speed: Undercover	2008	\\N	EA	4	f
999	Wall-E	2008	\\N	THQ	4	f
1000	Spectrobes: Beyond the Portals	2008	\\N	Disney	1	f
1001	MX vs. ATV Untamed	2008	\\N	Ubisoft	1	f
1002	Mercenaries 2: World in Flames	2008	\\N	EA	1	f
1003	Infinite Undiscovery	2008	\\N	SquareEnix	1	f
1004	TNA iMPACT!	2008	\\N	Midway	4	f
1005	Enemy Territory: Quake Wars	2008	\\N	Activision	1	f
1006	Fire Emblem: Shadow Dragon	2008	\\N	Nintendo	1	f
1007	Neopets Puzzle Adventure	2008	\\N	Capcom	1	f
1008	Tales of Vesperia	2008	\\N	Namco	1	f
1009	SingStar ABBA	2008	\\N	Sony	8	f
1010	Dragon Ball Z: Burst Limit	2008	\\N	Atari,Namco	2	f
1011	Apollo Justice: Ace Attorney	2008	\\N	Capcom	1	f
1012	Castlevania: Order of Ecclesia	2008	\\N	Konami	1	f
1013	Mega Man Star Force 2: Zerker X Ninja	2008	\\N	Capcom	1	f
1014	Enemy Territory: Quake Wars	2008	\\N	Activision	1	f
1015	Namco Museum: Virtual Arcade	2008	\\N	Namco	1	f
1016	NASCAR 09	2008	\\N	EA	1	f
1017	Turning Point: Fall of Liberty	2008	\\N	\\N	1	f
1018	Summer Athletics 2009	2008	\\N	\\N	4	f
1019	Unreal Tournament III	2008	\\N	Midway	2	f
1020	Shaun White Snowboarding	2008	\\N	Ubisoft	1	f
1021	Dark Sector	2008	\\N	\\N	1	f
1022	The Last Remnant	2008	\\N	SquareEnix	1	f
1023	Dragon Ball Z: Burst Limit	2008	\\N	Atari,Namco	2	f
1024	NASCAR 09	2008	\\N	EA	1	f
1025	Turning Point: Fall of Liberty	2008	\\N	\\N	1	f
1026	MX vs. ATV Untamed	2008	\\N	THQ	1	f
1027	Crash: Mind over Mutant	2008	\\N	\\N	1	f
1028	The Incredible Hulk	2008	\\N	Sega	1	f
1029	Silent Hill: Homecoming	2008	\\N	Konami	1	f
1030	TNA iMPACT!	2008	\\N	Midway	4	f
1031	The Incredible Hulk	2008	\\N	Sega	1	f
1032	Kung Fu Panda	2008	\\N	Activision	1	f
1033	Dark Sector	2008	\\N	\\N	1	f
1034	Tales of Symphonia: Dawn of the New Worl	2008	\\N	Namco	4	f
1035	Valkyrie Profile: Covenant of the Plume	2008	\\N	SquareEnix	1	f
1036	Spider-Man: Web of Shadows	2008	\\N	Activision	1	f
1037	TV Show King	2008	\\N	\\N	4	f
1038	AC/DC Live: Rock Band - Track Pack	2008	\\N	\\N	4	f
1039	The Chronicles of Narnia: Prince Caspian	2008	\\N	Disney	1	f
1040	Hot Shots Golf: Open Tee 2	2008	\\N	Sony	1	f
1041	AC/DC Live: Rock Band - Track Pack	2008	\\N	\\N	1	f
1042	Harvest Moon: Magical Melody	2008	\\N	\\N	4	f
1043	Dynasty Warriors 6	2008	\\N	\\N	2	f
1044	Order Up!	2008	\\N	\\N	1	f
1045	NBA Ballers: Chosen One	2008	\\N	Midway	4	f
1046	Age of Empires: Mythologies	2008	\\N	THQ	1	f
1047	LocoRoco 2	2008	\\N	Sony	1	f
1048	Star Ocean: First Departure	2008	\\N	SquareEnix	1	f
1049	Lost: Via Domus	2008	\\N	Ubisoft	1	f
1050	Tetris Party	2008	\\N	\\N	4	f
1051	Bully: Scholarship Edition	2008	\\N	Rockstar	2	f
1052	The Spiderwick Chronicles	2008	\\N	\\N	2	f
1053	Dynasty Warriors 6	2008	\\N	\\N	2	f
1054	Facebreaker	2008	\\N	EA	2	f
1055	Ninja Gaiden: Dragon Sword	2008	\\N	\\N	1	f
1056	Condemned 2: Bloodshot	2008	\\N	Sega	1	f
1057	Silent Hill: Homecoming	2008	\\N	Konami	1	f
1058	Command & Conquer: Red Alert 3	2008	\\N	EA	1	f
1059	Viking: Battle for Asgard	2008	\\N	Sega	1	f
1060	Beijing 2008	2008	\\N	Sega	4	f
1061	Don King Presents: Prizefighter	2008	\\N	2K	2	f
1062	Bomberman	2008	\\N	\\N	1	f
1063	Ferrari Challenge Trofeo Pirelli	2008	\\N	\\N	1	f
1064	Command & Conquer 3: Kane's Wrath	2008	\\N	EA	1	f
1065	Lost: Via Domus	2008	\\N	Ubisoft	1	f
1066	NHL 2K9 	2008	\\N	2K	1	f
1067	Eternal Sonata	2008	\\N	Namco	2	f
1068	Viva Pi$?ata: Trouble in Paradise	2008	\\N	Microsoft	2	f
1069	FlatOut: Head On	2008	\\N	\\N	1	f
1070	Viking: Battle for Asgard	2008	\\N	Sega	1	f
1071	Neopets Puzzle Adventure	2008	\\N	Capcom	1	f
1072	TNA iMPACT!	2008	\\N	Midway	1	f
1073	Tomb Raider: Underworld	2008	\\N	Eidos	1	f
1074	The Club	2008	\\N	Sega	4	f
1075	The Chronicles of Narnia: Prince Caspian	2008	\\N	Disney	2	f
1076	Cabela's Dangerous Hunts 2009	2008	\\N	Activision	1	f
1077	Dark Messiah of Might and Magic: Element	2008	\\N	Ubisoft	1	f
1078	Fracture	2008	\\N	\\N	1	f
1079	Bomberman Land	2008	\\N	\\N	4	f
1080	Nitrobike	2008	\\N	Ubisoft	4	f
1081	Culdcept Saga	2008	\\N	Namco	4	f
1082	Facebreaker	2008	\\N	\\N	2	f
1083	MLB Power Pros 2008	2008	\\N	2K	2	f
1084	Mushroom Men: The Spore Wars	2008	\\N	\\N	2	f
1085	Dragon Quest V: Hand of the Heavenly Bri	2008	\\N	SquareEnix	1	f
1086	Ninjatown	2008	\\N	\\N	1	f
1087	Super Dodgeball Brawlers	2008	\\N	\\N	1	f
1088	Dokapon Kingdom	2008	\\N	\\N	1	f
1089	Alone in the Dark	2008	\\N	Atari	1	f
1090	NBA 09: The Inside	2008	\\N	Sony	4	f
1091	Sega Superstars Tennis	2008	\\N	Sega	4	f
1092	Baja: Edge of Control	2008	\\N	THQ	4	f
1093	Destroy All Humans! Big Willy Unleashed	2008	\\N	THQ	2	f
1094	Space Invaders Extreme	2008	\\N	SquareEnix	1	f
1095	Ultimate Band	2008	\\N	Disney	1	f
1096	The Club	2008	\\N	Sega	4	f
1097	Madagascar: Escape 2 Africa	2008	\\N	Activision	4	f
1098	NBA Ballers: Chosen One	2008	\\N	Midway	4	f
1099	Dream Pinball 3D	2008	\\N	\\N	4	f
1100	Madagascar: Escape 2 Africa	2008	\\N	Activision	4	f
1101	Pro Evolution Soccer 2008	2008	\\N	Konami	2	f
1102	Avalon Code	2008	\\N	\\N	1	f
1103	Disgaea DS	2008	\\N	\\N	1	f
1104	Guitar Rock Tour	2008	\\N	\\N	1	f
1105	Lost in Blue 3	2008	\\N	Konami	1	f
1106	Syberia	2008	\\N	\\N	1	f
1107	Afrika	2008	\\N	Sony	1	f
1108	NFL Head Coach 09	2008	\\N	EA	1	f
1109	NHL 2K9	2008	\\N	2K	1	f
1110	Brothers in Arms: Double Time	2008	\\N	Ubisoft	1	f
1111	ObsCure: The Aftermath	2008	\\N	\\N	1	f
1112	MotoGP 08	2008	\\N	\\N	1	f
1113	NFL Head Coach 09	2008	\\N	EA	1	f
1114	NFL Tour	2008	\\N	EA	1	f
1115	Pinball Hall of Fame: The Williams Colle	2008	\\N	\\N	4	f
1116	Baja: Edge of Control	2008	\\N	THQ	4	f
1117	NFL Tour	2008	\\N	EA	4	f
1118	Wall-E	2008	\\N	THQ	4	f
1119	Ninja Reflex	2008	\\N	EA	4	f
1120	Conflict: Denied Ops	2008	\\N	Eidos	4	f
1121	Top Spin 3	2008	\\N	2K	4	f
1122	Blitz: The League II	2008	\\N	Midway	2	f
1123	Hellboy: The Science of Evil	2008	\\N	Konami	2	f
1124	Castlevania Judgment	2008	\\N	Konami	2	f
1125	Death Jr. II: Root of Evil	2008	\\N	Eidos	2	f
1126	Raiden IV	2008	\\N	\\N	2	f
1127	Metal Slug 7	2008	\\N	\\N	1	f
1128	Spider-Man: Web of Shadows	2008	\\N	Activision	1	f
1129	Trauma Center: Under The Knife 2	2008	\\N	\\N	1	f
1130	Fracture	2008	\\N	\\N	1	f
1131	Alone in the Dark	2008	\\N	Atari	1	f
1132	Final Fantasy Fables: Chocobo's Dungeon	2008	\\N	SquareEnix	1	f
1133	The King of Fighters Collection: The Oro	2008	\\N	\\N	1	f
1134	Klonoa: Door to Phantomile	2008	\\N	Namco	1	f
1135	Samurai Warriors: Katana	2008	\\N	\\N	1	f
1136	Battle of the Bands	2008	\\N	THQ	2	f
1137	Hellboy: The Science of Evil	2008	\\N	Konami	2	f
1138	Dragon Ball: Origins	2008	\\N	Atari	1	f
1139	Ninja Reflex	2008	\\N	EA	1	f
1140	Space Bust-A-Move	2008	\\N	SquareEnix	1	f
1141	Top Spin 3	2008	\\N	2K	1	f
1142	UEFA Euro 2008	2008	\\N	EA	7	f
1143	Blast Works: Build, Trade, Destroy	2008	\\N	\\N	4	f
1144	FIFA Street 3	2008	\\N	EA	4	f
1145	Blitz: The League II	2008	\\N	Midway	2	f
1146	Space Chimps	2008	\\N	\\N	2	f
1147	The Spiderwick Chronicles	2008	\\N	\\N	2	f
1148	Etrian Odyssey II: Heroes of Lagaard	2008	\\N	\\N	1	f
1149	Line Rider 2: Unbound	2008	\\N	\\N	1	f
1150	The King of Fighters Collection: The Oro	2008	\\N	\\N	1	f
1151	Target: Terror	2008	\\N	Konami	1	f
1152	Legendary	2008	\\N	Atari	1	f
1153	Universe at War: Earth Assault	2008	\\N	Sega	1	f
1154	Smash Court Tennis 3	2008	\\N	Atari	4	f
1155	Code Lyoko: Fall of X.A.N.A	2008	\\N	\\N	1	f
1156	Knights in the Nightmare	2008	\\N	\\N	1	f
1157	Lock's Quest	2008	\\N	THQ	1	f
1158	Master of the Monster Lair	2008	\\N	\\N	1	f
1159	N+	2008	\\N	Atari	1	f
1160	Pipe Mania	2008	\\N	\\N	1	f
1161	The Spiderwick Chronicles	2008	\\N	\\N	1	f
1162	Summon Night: Twin Age	2008	\\N	\\N	1	f
1163	Wild Arms XF	2008	\\N	\\N	1	f
1164	FIFA Street 3	2008	\\N	EA	1	f
1165	MotoGP 08	2008	\\N	\\N	1	f
1166	Harvey Birdman: Attorney at Law	2008	\\N	Capcom	1	f
1167	Let's Tap	2008	\\N	Sega	1	f
1168	NHL 2K9	2008	\\N	2K	1	f
1169	Conflict: Denied Ops	2008	\\N	Eidos	4	f
1170	Worms: A Space Oddity	2008	\\N	THQ	4	f
1171	UEFA Euro 2008	2008	\\N	EA	4	f
1172	Overlord: Raising Hell	2008	\\N	\\N	2	f
1173	Battle Fantasia	2008	\\N	\\N	2	f
1174	Bangai-O Spirits	2008	\\N	\\N	1	f
1175	Dungeon Explorer: Warriors of Ancient Ar	2008	\\N	\\N	1	f
1176	From the Abyss	2008	\\N	\\N	1	f
1177	New International Track & Field	2008	\\N	Konami	1	f
1178	Soul Bubbles	2008	\\N	Eidos	1	f
1179	Tropix!	2008	\\N	\\N	1	f
1180	Unsolved Crimes	2008	\\N	\\N	1	f
1181	Zubo	2008	\\N	EA	1	f
1182	Ford Racing Off Road	2008	\\N	\\N	1	f
1183	Harvey Birdman: Attorney at Law	2008	\\N	Capcom	1	f
1184	Secret Agent Clank	2008	\\N	Sony	1	f
1185	Space Invaders Extreme	2008	\\N	SquareEnix	1	f
1186	Armored Core: For Answer	2008	\\N	Ubisoft	1	f
1187	Legendary	2008	\\N	Atari	1	f
1188	Agatha Christie: Evil Under the Sun	2008	\\N	\\N	1	f
1189	Agatha Christie: And Then There Were Non	2008	\\N	\\N	1	f
1190	Armored Core: For Answer	2008	\\N	Ubisoft	1	f
1191	Cradle of Rome	2008	\\N	\\N	1	f
1192	The Dark Spire	2008	\\N	\\N	1	f
1193	Flower, Sun and Rain	2008	\\N	\\N	1	f
1194	Insecticide	2008	\\N	\\N	1	f
1195	Izuna 2: The Unemployed Ninja Returns	2008	\\N	\\N	1	f
1196	Looney Tunes: Cartoon Conductor	2008	\\N	Eidos	1	f
1197	Nanostray 2	2008	\\N	\\N	1	f
1198	Hellboy: The Science of Evil	2008	\\N	Konami	1	f
1199	Pipe Mania	2008	\\N	\\N	1	f
1200	UEFA Euro 2008	2008	\\N	EA	1	f
1201	Vampire Rain	2008	\\N	\\N	1	f
1202	Baroque	2008	\\N	\\N	1	f
1203	Supreme Commander	2008	\\N	\\N	1	f
1204	Hail to the Chimp	2008	\\N	\\N	4	f
1205	Assassin's Creed: Altar's Chronicles	2008	\\N	Ubisoft	1	f
1206	The Legend of Kage 2	2008	\\N	SquareEnix	1	f
1207	Rhapsody: A Musical Adventure	2008	\\N	\\N	1	f
1208	Secret Files: Tunguska	2008	\\N	\\N	1	f
1209	Fading Shadows	2008	\\N	\\N	1	f
1210	Hail to the Chimp	2008	\\N	\\N	1	f
1211	Secret Files: Tunguska	2008	\\N	\\N	2	f
1212	Chicken Hunter	2008	\\N	\\N	1	f
451	Gran Turismo 5: Prologue	2007	\N	Sony	2	f
144	Mega Man Battle Network 5: Double Team D	2005	\N	Capcom	1	f
214	Madden NFL 07	2006	\N	EA	4	f
1	Super Mario 64 DS	2004	\N	Nintendo	1	f
489	Spectrobes	2007	\N	\\N	1	f
484	Drawn to Life	2007	\N	THQ	1	f
478	LEGO Star Wars: The Complete Saga	2007	\N	\\N	2	f
413	Metal Gear Solid: Digital Graphic Novel	2006	\N	Konami	1	f
408	OutRun 2006: Coast 2 Coast	2006	\N	Sega	1	f
298	Enchanted Arms	2006	\N	Ubisoft	1	f
476	Madden NFL 08	2007	\N	EA	4	f
151	Exit	2005	\N	Ubisoft	1	f
149	Tokobot	2005	\N	\\N	1	f
66	Peter Jackson's King Kong: The Official 	2005	\N	Ubisoft	2	f
65	Condemned: Criminal Origins	2005	\N	Sega	1	f
491	WWE Smackdown vs. Raw 2008	2007	\N	THQ	6	f
490	The Sims 2: Castaway	2007	\N	EA	1	f
71	Advance Wars: Dual Strike	2005	\N	Nintendo	1	f
64	Tiger Woods PGA Tour 06	2005	\N	EA	4	f
477	Ratchet & Clank Future: Tools of Destruc	2007	\N	Sony	1	f
449	Dance Dance Revolution Hottest Party	2007	\N	Konami	4	f
187	WarioWare: Smooth Moves	2006	\N	Nintendo	6	f
146	Sega Casino	2005	\N	Sega	1	f
30	Call of Duty 2	2005	\N	Activision,Konami	4	f
150	Fullmetal Alchemist: Dual Sympathy	2005	\N	\\N	1	f
3	WarioWare Touched!	2004	\N	Nintendo	2	f
262	Test Drive Unlimited	2006	\N	Atari	1	f
296	Valkyrie Profile: Lenneth	2006	\N	SquareEnix	1	f
297	Monster House	2006	\N	THQ	1	f
292	Genji: Days of the Blade	2006	\N	Sony	1	f
301	Full Auto 2: Battlelines	2006	\N	Sega	2	f
472	Star Wars Battlefront: Renegade Squadron	2007	\N	\\N	1	f
495	Ace Combat 6: Fires of Liberation	2007	\N	Namco	1	f
28	Animal Crossing: Wild World	2005	\N	Nintendo	1	f
261	Chromehounds	2006	\N	Sega	1	f
2	Lumines: Puzzle Fusion	2004	\N	Ubisoft	1	f
7	Ridge Racer	2004	\N	Namco	1	f
210	Call of Duty 3	2006	\N	Activision	1	f
455	Transformers: Autobots	2007	\N	Activision	1	f
361	007: From Russia with Love	2006	\N	EA	1	f
339	Magnetica	2006	\N	Nintendo	1	f
493	NBA Live 08	2007	\N	EA	4	f
94	SSX on Tour	2005	\N	EA	1	f
185	The Sims 2: Pets	2006	\N	EA	1	f
299	NHL 07	2006	\N	EA	4	f
29	Big Brain Academy	2005	\N	Nintendo	1	f
479	Rayman Raving Rabbids 2	2007	\N	Ubisoft	4	f
36	SOCOM: U.S. Navy SEALs - Fireteam Bravo	2005	\N	Sony	1	f
404	BattleZone	2006	\N	Atari	1	f
325	Tom Clancy's Splinter Cell: Double Agent	2006	\N	Ubisoft	2	f
92	Tiger Woods PGA Tour	2005	\N	EA	1	f
70	Kameo: Elements of Power	2005	\N	Microsoft	1	f
145	Nanostray	2005	\N	THQ	1	f
147	Teenage Mutant Ninja Turtles 3: Mutant N	2005	\N	Konami	1	f
172	Yoshi's Island DS	2006	\N	Nintendo	1	f
363	Riviera: The Promised Land	2006	\N	\\N	1	f
208	NBA 2K7 	2006	\N	2K	1	f
410	SBK: Snowboard Kids	2006	\N	\\N	1	f
88	Pinball Hall of Fame: The Gottlieb Colle	2005	\N	\\N	4	f
367	Rumble Roses XX	2006	\N	Konami	4	f
414	Star Trek: Tactical Assault	2006	\N	Ubisoft	1	f
384	MTX Mototrax	2006	\N	Activision	1	f
412	Dungeon Maker: Hunting Ground	2006	\N	\\N	1	f
386	Super Monkey Ball Adventure	2006	\N	Sega	1	f
389	Point Blank DS	2006	\N	Atari,Namco	1	f
174	Fight Night Round 3	2006	\N	EA	2	f
47	Burnout Legends	2005	\N	EA	1	f
322	Eragon	2006	\N	\\N	4	f
273	The Sims 2: Pets	2006	\N	EA	1	f
438	The Legend of Zelda: Phantom Hourglass	2007	\N	Nintendo	1	f
95	Tiger Woods PGA Tour 06	2005	\N	EA	1	f
360	FIFA Street 2	2006	\N	EA	1	f
365	Viewtiful Joe: Red Hot Rumble	2006	\N	Capcom	1	f
40	Mario & Luigi: Partners in Time	2005	\N	Nintendo	1	f
327	Lemmings	2006	\N	Sony	1	f
274	Tiger Woods PGA Tour 07	2006	\N	EA	1	f
117	Retro Atari Classics	2005	\N	Atari	1	f
112	Dead to Rights: Reckoning	2005	\N	Namco	1	f
453	Resident Evil 4	2007	\N	Capcom	1	f
454	The Elder Scrolls IV: Oblivion	2007	\N	Ubisoft	1	f
239	Tiger Woods PGA Tour 07	2006	\N	EA	4	f
235	WWE SmackDown vs. Raw 2007	2006	\N	THQ	4	f
286	Over G Fighters	2006	\N	Ubisoft	2	f
494	The Simpsons Game	2007	\N	EA	1	f
191	Madden NFL 07	2006	\N	EA	1	f
246	Castlevania: Portrait of Ruin	2006	\N	Konami	1	f
163	Cooking Mama	2006	\N	\\N	1	f
31	Midnight Club 3: DUB Edition	2005	\N	Rockstar	1	f
190	SOCOM: U.S. Navy SEALs - Fireteam Bravo 	2006	\N	Sony	1	f
27	Grand Theft Auto: Liberty City Stories	2005	\N	Capcom,Rockstar	1	f
473	Flash Focus: Vision Training in Minutes 	2007	\N	Nintendo	1	f
186	Need for Speed: Carbon - Own the City	2006	\N	EA	1	f
26	Brain Agey: More Training in Minutes a D	2005	\N	Nintendo	1	f
285	Superman Returns	2006	\N	EA	1	f
234	Blazing Angels: Squadrons of WWII	2006	\N	Ubisoft	2	f
437	Rock Band	2007	\N	\\N	4	f
6	The Urbz: Sims in the City	2004	\N	EA	1	f
258	Pirates of the Caribbean: Dead Man's Che	2006	\N	\\N	1	f
338	LostMagic	2006	\N	Ubisoft	1	f
343	Just Cause	2006	\N	Eidos	1	f
342	The Ant Bully	2006	\N	Midway	1	f
257	Capcom Classics Collection Reloaded	2006	\N	Capcom	1	f
83	Mega Man Maverick Hunter X	2005	\N	Capcom	1	f
105	Spyro: Shadow Legacy	2005	\N	\\N	1	f
350	Justice League Heroes	2006	\N	\\N	1	f
43	Twisted Metal: Head-On	2005	\N	Sony	1	f
326	Avatar: The Last Airbender	2006	\N	THQ	1	f
385	Snoopy vs. the Red Baron	2006	\N	Namco	1	f
474	Metroid Prime 3: Corruption	2007	\N	Nintendo	1	f
302	Blitz: The League	2006	\N	Midway	2	f
409	Warhammer: Battle for Atluma	2006	\N	Namco	1	f
91	MVP Baseball	2005	\N	EA	1	f
426	Guitar Hero III: Legends of Rock	2007	\N	Activision	2	f
364	Samurai Warriors: State of War	2006	\N	\\N	1	f
450	Cooking Mama: Cook Off	2007	\N	\\N	2	f
67	Castlevania: Dawn of Sorrow	2005	\N	Konami	1	f
113	Amped 3	2005	\N	2K	1	f
278	College Hoops 2K7	2006	\N	2K	4	f
134	GripShift	2005	\N	Ubisoft	1	f
211	NBA Live 07	2006	\N	EA	1	f
175	Pokmon Ranger	2006	\N	Nintendo	1	f
171	Call of Duty 3	2006	\N	Activision	2	f
55	NBA Live 06	2005	\N	EA	1	f
215	Fight Night Round 3	2006	\N	EA	2	f
356	Far Cry: Vengeance	2006	\N	Ubisoft	2	f
17	Asphalt: Urban GT	2004	\N	Ubisoft	1	f
50	ATV Offroad Fury: Blazin' Trails	2005	\N	Sony	4	f
398	Bomberman: Act Zero	2006	\N	Konami	1	f
87	NBA 2K6 	2005	\N	2K	1	f
428	Guitar Hero III: Legends of Rock	2007	\N	Activision	2	f
467	WWE Smackdown vs. Raw 2008	2007	\N	THQ	4	f
314	LocoRoco	2006	\N	Sony	1	f
351	Innocent Life: A Futuristic Harvest Moon	2006	\N	\\N	1	f
430	LEGO Star Wars: The Complete Saga	2007	\N	\\N	2	f
18	Zoo Keeper	2004	\N	\\N	1	f
77	Capcom Classics Collection Remixed	2005	\N	Capcom	1	f
375	Bullet Witch	2006	\N	Atari	1	f
242	F.E.A.R.: First Encounter Assault Recon	2006	\N	\\N	1	f
241	Killzone: Liberation	2006	\N	Sony	1	f
243	NBA 2K7	2006	\N	2K	7	f
204	LEGO Star Wars II: The Original Trilogy	2006	\N	\\N	2	f
282	Need for Speed: Carbon - Own the City	2006	\N	EA	1	f
139	PQ: Practical Intelligence Quotient	2005	\N	\\N	1	f
81	Pokmon Trozei!	2005	\N	Nintendo	1	f
78	Madagascar	2005	\N	Activision	1	f
236	Rune Factory: A Fantasy Harvest Moon	2006	\N	\\N	1	f
19	Mr. DRILLER: Drill Spirits	2004	\N	Namco	1	f
44	Perfect Dark Zero	2005	\N	Microsoft	4	f
82	Need for Speed: Most Wanted	2005	\N	EA	1	f
132	Bust-a-Move DS	2005	\N	\\N	1	f
287	Final Fantasy XI Online	2006	\N	SquareEnix	1	f
435	Madden NFL 08	2007	\N	EA	4	f
161	Gears of War	2006	\N	Microsoft	2	f
162	The Legend of Zelda: Twilight Princess	2006	\N	Nintendo	1	f
396	The Legend of Heroes II: Prophecy of the	2006	\N	Namco	1	f
433	LEGO Star Wars: The Complete Saga	2007	\N	\\N	1	f
496	Heavenly Sword	2007	\N	Sony	1	f
317	MotoGP '06	2006	\N	THQ	4	f
170	MotorStorm	2006	\N	Sony	1	f
280	Full Auto	2006	\N	Sega	2	f
194	Pokmon Battle Revolution	2006	\N	Nintendo	4	f
68	SpongeBob SquarePants: The Yellow Avenge	2005	\N	THQ	1	f
309	X-Men: The Official Game	2006	\N	Activision	1	f
369	Deep Labyrinth	2006	\N	\\N	1	f
349	Digimon World DS	2006	\N	Namco	1	f
76	Star Wars: Episode III - Revenge of the 	2005	\N	Ubisoft	1	f
277	Rampage: Total Destruction	2006	\N	Midway	4	f
425	Mario Party 8	2007	\N	Nintendo	4	f
12	Feel the Magic XY/XX	2004	\N	Sega	1	f
164	Marvel Ultimate Alliance	2006	\N	Activision	4	f
319	Major League Baseball 2K6	2006	\N	2K	1	f
220	Viva Pi$?ata	2006	\N	Microsoft	4	f
465	Rock Band	2007	\N	\\N	4	f
108	Pursuit Force	2005	\N	Sony	1	f
311	Happy Feet	2006	\N	Midway	2	f
84	Metroid Prime Pinball	2005	\N	Nintendo	1	f
390	Scurge: Hive	2006	\N	\\N	1	f
100	Shrek SuperSlam	2005	\N	Activision	1	f
110	Dragon Ball Z: Supersonic Warriors 2	2005	\N	Atari	1	f
129	Ridge Racer 6	2005	\N	EA,Namco	2	f
131	NHL 2K6 	2005	\N	2K	1	f
251	Elite Beat Agents	2006	\N	Nintendo	1	f
427	Link's Crossbow Training	2007	\N	Nintendo	1	f
233	MLB 06: The Show	2006	\N	Sony	2	f
196	Tekken: Dark Resurrection	2006	\N	Namco,Sony	1	f
475	Tom Clancy's Ghost Recon: Advanced Warfi	2007	\N	Ubisoft	1	f
25	Brain Age: Train Your Brain in Minutes a	2005	\N	Nintendo	1	f
20	Sprung	2004	\N	Ubisoft	1	f
90	Tony Hawk's American Sk8land	2005	\N	Activision	1	f
420	Wii Fit	2007	\N	Nintendo	1	f
201	Mortal Kombat: Unchained	2006	\N	Midway	2	f
42	Need for Speed Underground: Rivals	2005	\N	EA	4	f
443	Mass Effect	2007	\N	Microsoft	1	f
118	True Swing Golf	2005	\N	Nintendo	1	f
52	Tony Hawk's Underground 2: Remix	2005	\N	Activision	1	f
57	Dead or Alive 4	2005	\N	\\N	4	f
388	Bomberman Land Touch!	2006	\N	\\N	1	f
102	Prince of Persia: Revelations	2005	\N	Ubisoft	1	f
279	Far Cry: Instincts - Predator	2006	\N	Ubisoft	4	f
320	Star Wars: Lethal Alliance	2006	\N	Ubisoft	1	f
330	Dynasty Warriors 5: Empires	2006	\N	\\N	2	f
41	Madden NFL 06	2005	\N	EA	1	f
468	Madden NFL 08	2007	\N	EA	4	f
75	Tony Hawk's American Wasteland	2005	\N	Activision	1	f
395	Gradius Collection	2006	\N	Konami	1	f
228	Metal Gear Solid: Portable Ops	2006	\N	Konami	1	f
188	Fight Night Round 3	2006	\N	EA	2	f
123	GoldenEye: Rogue Agent	2005	\N	EA	1	f
263	Dragon Ball Z: Budokai Tenkaichi 2	2006	\N	Atari	2	f
256	Over the Hedge	2006	\N	Activision	1	f
336	Armored Core 4	2006	\N	Sega	2	f
341	NASCAR 07	2006	\N	EA	1	f
378	Cartoon Network Racing	2006	\N	\\N	1	f
377	Alex Rider: Stormbreaker	2006	\N	THQ	1	f
177	Saints Row	2006	\N	THQ	1	f
137	Viewtiful Joe: Double Trouble!	2005	\N	Capcom	1	f
156	Space Invaders Revolution	2005	\N	\\N	1	f
487	Resident Evil: The Umbrella Chronicles	2007	\N	Capcom,Nintendo	2	f
193	Kirby: Squeak Squad	2006	\N	Nintendo	1	f
180	Call of Duty 3	2006	\N	Activision	1	f
488	NCAA Football 08	2007	\N	EA	2	f
312	Open Season	2006	\N	Ubisoft	1	f
272	Tony Hawk's Downhill Jam	2006	\N	Activision	1	f
115	Lunar: Dragon Song	2005	\N	Ubisoft	1	f
463	The Orange Box	2007	\N	\\N	1	f
217	Need for Speed: Carbon	2006	\N	EA	2	f
344	Onechanbara: Bikini Samurai Squad	2006	\N	\\N	1	f
370	Blade Dancer: Lineage of Light	2006	\N	\\N	1	f
387	Ys VI: The Ark of Napishtim	2006	\N	Konami	1	f
411	Tenchu: Dark Secret	2006	\N	Nintendo	1	f
403	B-Boy	2006	\N	Sony	1	f
304	Eragon	2006	\N	\\N	1	f
89	Harry Potter and the Goblet of Fire	2005	\N	EA	1	f
49	Clubhouse Games	2005	\N	Nintendo	1	f
209	SEGA Genesis Collection	2006	\N	Sega	2	f
362	PaRappa the Rapper	2006	\N	Sony	1	f
288	Mystery Dungeon: Shiren the Wanderer	2006	\N	Sega	1	f
9	Madden NFL 2005	2004	\N	EA	1	f
169	Resistance: Fall of Man	2006	\N	Sony	4	f
264	Dragon Quest Monsters: Joker	2006	\N	SquareEnix	1	f
148	Pac-Man World 3	2005	\N	EA,Namco	1	f
244	Tony Hawk's Project 8	2006	\N	Activision	2	f
107	Infected	2005	\N	\\N	1	f
181	Lost Planet: Extreme Condition	2006	\N	Capcom	1	f
252	Street Fighter Alpha 3 MAX	2006	\N	Capcom	1	f
34	Sonic Rush	2005	\N	Sega	1	f
33	Pokmon Mystery Dungeon: Blue Rescue Team	2005	\N	Nintendo	1	f
352	Power Stone Collection	2006	\N	Capcom	1	f
359	Touch Detective	2006	\N	\\N	1	f
419	Spider-Man 3	2006	\N	Ubisoft	1	f
182	Mario Hoops 3 on 3	2006	\N	Nintendo	1	f
176	Rayman Raving Rabbids	2006	\N	Ubisoft	4	f
459	Need for Speed: ProStreet	2007	\N	EA	2	f
452	Professor Layton and the Curious Village	2007	\N	Nintendo	1	f
457	Diddy Kong Racing DS	2007	\N	Nintendo	1	f
219	Tiger Woods PGA Tour 07	2006	\N	EA	1	f
446	Super Paper Mario	2007	\N	Nintendo	1	f
445	BioShock	2007	\N	2K	1	f
440	Pokmon Mystery Dungeon: Explorers of Tim	2007	\N	Nintendo	1	f
444	Cooking Mama 2: Dinner with Friends	2007	\N	\\N	1	f
183	LEGO Star Wars II: The Original Trilogy	2006	\N	EA	1	f
353	EA Replay	2006	\N	EA	4	f
354	Open Season	2006	\N	Ubisoft	4	f
357	Import Tuner Challenge	2006	\N	Ubisoft	2	f
358	Contact	2006	\N	\\N	1	f
99	The Chronicles of Narnia: The Lion, the 	2005	\N	\\N	1	f
121	ATV Quad Frenzy	2005	\N	\\N	1	f
127	Rengoku: The Tower of Purgatory	2005	\N	Konami	1	f
122	Bomberman	2005	\N	Ubisoft	1	f
120	Metal Gear Ac!d 2	2005	\N	Konami	1	f
126	The Lord of the Rings: Tactics	2005	\N	EA	1	f
125	Frogger: Helmet Chaos	2005	\N	Konami	1	f
124	Need for Speed Underground 2	2005	\N	EA	1	f
418	Gurumin: A Monstrous Adventure	2006	\N	\\N	1	f
293	Top Spin 2	2006	\N	2K	4	f
355	Samurai Warriors 2	2006	\N	\\N	4	f
480	NBA 2K8 	2007	\N	2K	1	f
38	Zoo Tycoon DS	2005	\N	THQ	1	f
140	Lost in Blue	2005	\N	Konami	1	f
178	Tom Clancy's Rainbow Six: Vegas	2006	\N	Ubisoft	2	f
329	College Hoops 2K6	2006	\N	2K	1	f
331	Magical Starsign	2006	\N	Nintendo	1	f
458	Big Brain Academy: Wii Degree	2007	\N	Nintendo	8	f
436	Guitar Hero II	2007	\N	Activision	2	f
56	WWE Smackdown vs. Raw 2006	2005	\N	THQ	4	f
62	Battlefield 2: Modern Combat	2005	\N	EA	4	f
442	Uncharted: Drake's Fortune	2007	\N	Sony	1	f
212	Madden NFL 07	2006	\N	EA	2	f
218	WWE SmackDown vs. Raw 2007	2006	\N	THQ	4	f
456	Transformers: Decepticons	2007	\N	Activision	1	f
4	Hot Shots Golf: Open Tee	2004	\N	Sony	1	f
60	NFL Street 2	2005	\N	EA	4	f
486	Major League Baseball 2K7	2007	\N	2K	2	f
295	Children of Mana	2006	\N	Nintendo,SquareEnix	1	f
482	Need for Speed: ProStreet	2007	\N	EA	2	f
155	LifeSigns: Surgical Unit	2005	\N	\\N	1	f
32	Need for Speed: Most Wanted 5-1-0	2005	\N	EA	1	f
229	Marvel Ultimate Alliance	2006	\N	Activision	4	f
153	The Rub Rabbits!	2005	\N	Sega	2	f
159	Pokmon Diamond	2006	\N	Nintendo	1	f
227	Star Fox Command	2006	\N	Nintendo	1	f
231	Major League Baseball 2K6	2006	\N	2K	2	f
225	Excite Truck	2006	\N	Nintendo	2	f
305	Master of Illusion	2006	\N	Nintendo	1	f
307	Untold Legends: The Warrior's Code	2006	\N	Sony,Ubisoft	1	f
249	Trauma Center: Second Opinion	2006	\N	Nintendo	1	f
265	Pirates of the Caribbean: Dead Man's Che	2006	\N	\\N	1	f
267	Syphon Filter: Dark Mirror	2006	\N	Sony	1	f
253	Blue Dragon	2006	\N	Microsoft	1	f
269	Ridge Racer 7	2006	\N	Namco,Sony	2	f
422	Call of Duty 4: Modern Warfare	2007	\N	Activision	4	f
255	Prey	2006	\N	2K	1	f
271	Elebits	2006	\N	Konami	4	f
96	Death Jr.	2005	\N	Konami	1	f
328	Mega Man Powered Up	2006	\N	Capcom	1	f
306	Mega Man ZX	2006	\N	Capcom	1	f
10	Pokmon Dash	2004	\N	Nintendo	1	f
406	Bubble Bobble Evolution	2006	\N	\\N	1	f
405	Bounty Hounds	2006	\N	Namco	1	f
289	Phoenix Wright: Ace Attorney - Justice f	2006	\N	Capcom	1	f
290	Justice League Heroes	2006	\N	\\N	1	f
421	Halo 3	2007	\N	Microsoft	4	f
203	Tetris DS	2006	\N	Nintendo	1	f
335	Cabela's Alaskan Adventures	2006	\N	Activision	1	f
497	Ninja Gaiden Sigma	2007	\N	\\N	1	f
195	Medal of Honor: Heroes	2006	\N	EA	1	f
222	Tony Hawk's Project 8	2006	\N	Activision	2	f
63	Yoshi Touch & Go	2005	\N	Nintendo	1	f
462	Sonic and the Secret Rings	2007	\N	Sega	4	f
58	Phoenix Wright: Ace Attorney	2005	\N	Capcom	1	f
143	Frogger: Helmet Chaos	2005	\N	Konami	1	f
498	Ben 10: Protector of the Earth	2007	\N	\\N	1	f
179	Dead Rising	2006	\N	Capcom	1	f
142	Dig Dug: Digging Strike	2005	\N	Namco	1	f
97	Harry Potter and the Goblet of Fire	2005	\N	EA	1	f
393	Ford Bold Moves Street Racing	2006	\N	Eidos	1	f
101	Virtua Tennis: World Tour	2005	\N	Sega	1	f
138	The Legend of Heroes: A Tear of Vermilli	2005	\N	\\N	1	f
376	Death Jr. II: Root of Evil	2006	\N	Konami	2	f
383	Mercury Meltdown	2006	\N	\\N	1	f
372	Ultimate Ghosts 'N' Goblins	2006	\N	Capcom	1	f
332	Resident Evil: Deadly Silence	2006	\N	Capcom	1	f
324	Open Season	2006	\N	Ubisoft	4	f
116	Madden NFL 06	2005	\N	EA	1	f
380	Gunpey DS	2006	\N	Namco	1	f
401	MechAssault: Phantom War	2006	\N	\\N	1	f
73	Coded Arms	2005	\N	Konami	1	f
310	Untold Legends: Dark Kingdom	2006	\N	EA,Sony	2	f
318	Lumines II	2006	\N	\\N	2	f
417	Custom Robo Arena	2006	\N	Nintendo	1	f
35	Star Wars: Battlefront II	2005	\N	\\N	1	f
223	Tony Hawk's Project 8	2006	\N	Activision	2	f
441	Assassin's Creed	2007	\N	Ubisoft	1	f
59	Spider-Man 2	2005	\N	Activision	1	f
461	LEGO Star Wars: The Complete Saga	2007	\N	\\N	2	f
202	Tom Clancy's Splinter Cell: Double Agent	2006	\N	Ubisoft	1	f
206	Metroid Prime: Hunters	2006	\N	Nintendo	1	f
130	Ford Racing 3	2005	\N	\\N	1	f
226	Harvest Moon DS	2006	\N	\\N	1	f
485	EA Playground	2007	\N	EA	4	f
466	Tiger Woods PGA Tour 08	2007	\N	EA	4	f
199	Sonic Rivals	2006	\N	Sega	1	f
39	The Sims 2	2005	\N	EA	1	f
230	Blazing Angels: Squadrons of WWII	2006	\N	Ubisoft	2	f
481	Namco Museum DS	2007	\N	Namco	1	f
15	Ape Escape Academy	2004	\N	Sony	4	f
11	Dynasty Warriors	2004	\N	\\N	1	f
158	New Super Mario Bros.	2006	\N	Nintendo	1	f
154	Electroplankton	2005	\N	Nintendo	1	f
294	Field Commander	2006	\N	Sony,Ubisoft	2	f
250	Tenchu Z	2006	\N	Microsoft	1	f
266	NFL Street 3	2006	\N	EA	1	f
254	The Lord of the Rings: The Battle for Mi	2006	\N	EA	1	f
270	The Outfit	2006	\N	THQ	2	f
276	The Godfather: The Game	2006	\N	EA	1	f
51	Untold Legends: Brotherhood of the Blade	2005	\N	Activision,Sony	1	f
313	Dungeon Siege: Throne of Agony	2006	\N	2K	1	f
346	Project Sylpheed: Arc of Deception	2006	\N	Microsoft,SquareEnix	1	f
368	Bionicle Heroes	2006	\N	Eidos	1	f
109	Kingdom of Paradise	2005	\N	Sony	2	f
72	Trauma Center: Under the Knife	2005	\N	Nintendo	1	f
128	Gretzky NHL	2005	\N	Sony	2	f
135	Marvel Nemesis: Rise of the Imperfects 	2005	\N	EA	1	f
198	Mario vs. Donkey Kong 2: March of the Mi	2006	\N	Nintendo	1	f
197	Need for Speed: Carbon	2006	\N	EA	2	f
345	Phantasy Star Universe	2006	\N	Sega	1	f
373	Xiaolin Showdown	2006	\N	Konami	1	f
308	Super Swing Golf	2006	\N	\\N	1	f
79	X-Men: Legends II - Rise of Apocalypse	2005	\N	Activision	1	f
74	NBA LIVE 06 	2005	\N	EA	1	f
23	Mario Kart DS	2005	\N	Nintendo	1	f
85	NBA 06	2005	\N	Sony	1	f
392	Tao's Adventure: Curse of the Demon Seal	2006	\N	Konami	1	f
283	Brothers in Arms: D-Day	2006	\N	Ubisoft	1	f
238	Marvel Ultimate Alliance	2006	\N	Activision	4	f
86	GUN 	2005	\N	Activision	1	f
281	Age of Empires: The Age of Kings	2006	\N	\\N	1	f
399	Earth Defense Force 2017	2006	\N	\\N	2	f
397	Pac-Man World Rally	2006	\N	Namco	1	f
80	Quake 4	2005	\N	Activision	1	f
434	Forza Motorsport 2	2007	\N	Microsoft	2	f
167	Madden NFL 07	2006	\N	EA	2	f
165	Daxter	2006	\N	Sony	1	f
160	Pokmon Pearl	2006	\N	Nintendo	1	f
379	Guilty Gear: Dust Strikers	2006	\N	\\N	1	f
166	The Elder Scrolls IV: Oblivion	2006	\N	2K	1	f
14	Darkstalkers Chronicle: The Chaos Tower	2004	\N	Capcom	1	f
394	Gitaroo Man Lives!	2006	\N	\\N	1	f
54	WipEout Pure	2005	\N	Sony	1	f
431	Call of Duty 4: Modern Warfare	2007	\N	Activision	4	f
471	Mario Strikers Charged	2007	\N	Nintendo	4	f
402	Astonishia Story	2006	\N	Ubisoft	1	f
16	Polarium	2004	\N	Nintendo	1	f
46	Super Princess Peach	2005	\N	Nintendo	1	f
207	LEGO Star Wars II: The Original Trilogy	2006	\N	\\N	2	f
371	Every Extend Extra	2006	\N	\\N	1	f
347	Winning Eleven: Pro Evolution Soccer 200	2006	\N	Konami	6	f
205	Red Steel	2006	\N	Ubisoft	4	f
247	Hitman: Blood Money	2006	\N	Eidos	1	f
22	Puyo Pop Fever	2004	\N	Sega	1	f
245	Avatar: The Last Airbender	2006	\N	THQ	1	f
323	Metal Slug Anthology	2006	\N	\\N	4	f
114	Break 'em All	2005	\N	\\N	1	f
429	Assassin's Creed	2007	\N	Ubisoft	1	f
315	Dead or Alive: Xtreme 2	2006	\N	\\N	1	f
168	Grand Theft Auto: Vice City Stories	2006	\N	Rockstar	1	f
8	Metal Gear Ac!d	2004	\N	Konami	1	f
469	Call of Duty 4: Modern Warfare	2007	\N	Activision	1	f
48	Madden NFL 06	2005	\N	EA	2	f
400	WarTech: Senko no Ronde	2006	\N	Ubisoft	2	f
291	Valhalla Knights	2006	\N	\\N	1	f
192	Monster 4x4: World Circuit	2006	\N	Ubisoft	4	f
133	Battles of Prince of Persia	2005	\N	Ubisoft	1	f
500	CrossworDS	2007	\N	\\N	1	f
106	The Con	2005	\N	Sony	1	f
104	Meteos	2005	\N	Nintendo	1	f
157	Wii Play	2006	\N	Nintendo	2	f
141	Ghost in the Shell: Stand Alone Complex	2005	\N	Sony	1	f
460	Deal or No Deal	2007	\N	\\N	1	f
189	Final Fantasy III	2006	\N	SquareEnix	1	f
184	Super Monkey Ball: Banana Blitz	2006	\N	Sega	4	f
483	Blazing Angels: Squadrons of WWII	2007	\N	Ubisoft	2	f
499	The Simpsons Game	2007	\N	EA	2	f
492	Madden NFL 08	2007	\N	EA	1	f
221	SpongeBob Squarepants: Creature from the	2006	\N	THQ	1	f
119	FIFA Soccer	2005	\N	EA	1	f
216	Need for Speed: Carbon	2006	\N	EA	2	f
321	Worms: Open Warfare	2006	\N	THQ	1	f
333	X-Men: The Official Game	2006	\N	Activision	1	f
45	Super Monkey Ball: Touch & Roll	2005	\N	Sega	1	f
416	Platypus	2006	\N	\\N	2	f
275	Thrillville	2006	\N	Atari	1	f
337	Eragon	2006	\N	\\N	2	f
98	MediEvil Resurrection	2005	\N	Sony	1	f
136	Scooby-Doo! Unmasked	2005	\N	THQ	1	f
103	Burnout Legends	2005	\N	EA	1	f
232	NCAA Football 07	2006	\N	EA	1	f
300	Bust-a-Move Deluxe	2006	\N	\\N	2	f
382	Worms: Open Warfare	2006	\N	THQ	1	f
439	Pokmon Mystery Dungeon: Explorers of Dar	2007	\N	Nintendo	1	f
381	Lara Croft Tomb Raider: Legend	2006	\N	Eidos	1	f
432	Mario & Sonic at the Olympic Games	2007	\N	Nintendo,Sega	4	f
259	NHL 07 	2006	\N	EA	1	f
284	Family Guy Video Game!	2006	\N	2K	1	f
5	Spider-Man 2	2004	\N	Activision	1	f
200	NCAA Football 07	2006	\N	EA	2	f
237	Marvel Ultimate Alliance	2006	\N	Activision	1	f
21	Armored Core: Formula Front - Extreme Ba	2004	\N	\\N	1	f
240	Ace Combat X: Skies of Deception	2006	\N	Namco	1	f
24	Nintendogs	2005	\N	Nintendo	1	f
37	Need for Speed: Most Wanted	2005	\N	EA	2	f
224	NBA LIVE 07 	2006	\N	EA	1	f
448	Ratchet & Clank: Size Matters	2007	\N	Sony	1	f
423	Super Mario Galaxy	2007	\N	Nintendo	2	f
424	Mario Party DS	2007	\N	Nintendo	1	f
61	Kirby: Canvas Curse	2005	\N	Nintendo	1	f
447	Game Party	2007	\N	Midway	4	f
69	Marvel Nemesis: Rise of the Imperfects 	2005	\N	EA	1	f
348	Kororinpa: Marble Mania	2006	\N	Nintendo	2	f
334	Cabela's African Safari	2006	\N	Activision	1	f
391	Star Trek: Tactical Assault	2006	\N	Ubisoft	1	f
374	Bionicle Heroes	2006	\N	Eidos	1	f
340	Def Jam Fight for NY: The Takeover	2006	\N	EA	1	f
111	Dragon Quest Heroes: Rocket Slime	2005	\N	SquareEnix	1	f
268	NBA 07	2006	\N	Sony	4	f
407	MotoGP	2006	\N	Sony	1	f
93	World Series of Poker	2005	\N	Activision	1	f
415	Micro Machines V4	2006	\N	\\N	2	f
366	Ice Age 2: The Meltdown	2006	\N	\\N	1	f
316	Fuzion Frenzy 2	2006	\N	Microsoft	4	f
13	Ridge Racer DS	2004	\N	Namco	1	f
173	Tom Clancy's Ghost Recon: Advanced Warfi	2006	\N	Ubisoft	4	f
464	Crackdown	2007	\N	Microsoft	1	f
53	The Sims 2	2005	\N	EA	1	f
213	SpongeBob SquarePants: The Yellow Avenge	2006	\N	THQ	1	f
152	Bubble Bobble Revolution	2005	\N	\\N	1	f
248	Rockstar Games presents Table Tennis	2006	\N	Rockstar	2	f
260	Monster Hunter Freedom	2006	\N	Capcom	1	f
988	Sega Superstars Tennis	2008	\N	Sega	1	f
\.


--
-- Data for Name: api_game_available_lang; Type: TABLE DATA; Schema: public; Owner: play-with-me
--

COPY public.api_game_available_lang (id, game_id, language_id) FROM stdin;
\.


--
-- Data for Name: api_game_genre; Type: TABLE DATA; Schema: public; Owner: play-with-me
--

COPY public.api_game_genre (id, game_id, genre_id) FROM stdin;
\.


--
-- Data for Name: api_genre; Type: TABLE DATA; Schema: public; Owner: play-with-me
--

COPY public.api_genre (id, name, description) FROM stdin;
\.


--
-- Data for Name: api_language; Type: TABLE DATA; Schema: public; Owner: play-with-me
--

COPY public.api_language (id, "ISO_639_1", "ISO_639_2", name) FROM stdin;
1	ab	abk	Abkhazian
2	aa	aar	Afar
3	af	afr	Afrikaans
4	ak	aka	Akan
5	sq	sqi	Albanian
6	am	amh	Amharic
7	ar	ara	Arabic
8	an	arg	Aragonese
9	hy	hye	Armenian
10	as	asm	Assamese
11	av	ava	Avaric
12	ae	ave	Avestan
13	ay	aym	Aymara
14	az	aze	Azerbaijani
15	bm	bam	Bambara
16	ba	bak	Bashkir
17	eu	eus	Basque
18	be	bel	Belarusian
19	bn	ben	Bengali
20	bi	bis	Bislama
21	bs	bos	Bosnian
22	br	bre	Breton
23	bg	bul	Bulgarian
24	my	mya	Burmese
25	ca	cat	Catalan, Valencian
26	ch	cha	Chamorro
27	ce	che	Chechen
28	ny	nya	Chichewa, Chewa, Nyanja
29	zh	zho	Chinese
30	cu	chu	Church Slavonic, Old Slavonic, Old Church Slavonic
31	cv	chv	Chuvash
32	kw	cor	Cornish
33	co	cos	Corsican
34	cr	cre	Cree
35	hr	hrv	Croatian
36	cs	ces	Czech
37	da	dan	Danish
38	dv	div	Divehi, Dhivehi, Maldivian
39	nl	nld	Dutch, Flemish
40	dz	dzo	Dzongkha
41	en	eng	English
42	eo	epo	Esperanto
43	et	est	Estonian
44	ee	ewe	Ewe
45	fo	fao	Faroese
46	fj	fij	Fijian
47	fi	fin	Finnish
48	fr	fra	French
49	fy	fry	Western Frisian
50	ff	ful	Fulah
51	gd	gla	Gaelic, Scottish Gaelic
52	gl	glg	Galician
53	lg	lug	Ganda
54	ka	kat	Georgian
55	de	deu	German
56	el	ell	Greek, Modern (1453)
57	kl	kal	Kalaallisut, Greenlandic
58	gn	grn	Guarani
59	gu	guj	Gujarati
60	ht	hat	Haitian, Haitian Creole
61	ha	hau	Hausa
62	he	heb	Hebrew
63	hz	her	Herero
64	hi	hin	Hindi
65	ho	hmo	Hiri Motu
66	hu	hun	Hungarian
67	is	isl	Icelandic
68	io	ido	Ido
69	ig	ibo	Igbo
70	id	ind	Indonesian
71	ia	ina	Interlingua(International Auxiliary Language Association)
72	ie	ile	Interlingue, Occidental
73	iu	iku	Inuktitut
74	ik	ipk	Inupiaq
75	ga	gle	Irish
76	it	ita	Italian
77	ja	jpn	Japanese
78	jv	jav	Javanese
79	kn	kan	Kannada
80	kr	kau	Kanuri
81	ks	kas	Kashmiri
82	kk	kaz	Kazakh
83	km	khm	Central Khmer
84	ki	kik	Kikuyu, Gikuyu
85	rw	kin	Kinyarwanda
86	ky	kir	Kirghiz, Kyrgyz
87	kv	kom	Komi
88	kg	kon	Kongo
89	ko	kor	Korean
90	kj	kua	Kuanyama, Kwanyama
91	ku	kur	Kurdish
92	lo	lao	Lao
93	la	lat	Latin
94	lv	lav	Latvian
95	li	lim	Limburgan, Limburger, Limburgish
96	ln	lin	Lingala
97	lt	lit	Lithuanian
98	lu	lub	Luba-Katanga
99	lb	ltz	Luxembourgish, Letzeburgesch
100	mk	mkd	Macedonian
101	mg	mlg	Malagasy
102	ms	msa	Malay
103	ml	mal	Malayalam
104	mt	mlt	Maltese
105	gv	glv	Manx
106	mi	mri	Maori
107	mr	mar	Marathi
108	mh	mah	Marshallese
109	mn	mon	Mongolian
110	na	nau	Nauru
111	nv	nav	Navajo, Navaho
112	nd	nde	North Ndebele
113	nr	nbl	South Ndebele
114	ng	ndo	Ndonga
115	ne	nep	Nepali
116	no	nor	Norwegian
117	nb	nob	Norwegian Bokml
118	nn	nno	Norwegian Nynorsk
119	ii	iii	Sichuan Yi, Nuosu
120	oc	oci	Occitan
121	oj	oji	Ojibwa
122	or	ori	Oriya
123	om	orm	Oromo
124	os	oss	Ossetian, Ossetic
125	pi	pli	Pali
126	ps	pus	Pashto, Pushto
127	fa	fas	Persian
128	pl	pol	Polish
129	pt	por	Portuguese
130	pa	pan	Punjabi, Panjabi
131	qu	que	Quechua
132	ro	ron	Romanian,Moldavian, Moldovan
133	rm	roh	Romansh
134	rn	run	Rundi
135	ru	rus	Russian
136	se	sme	Northern Sami
137	sm	smo	Samoan
138	sg	sag	Sango
139	sa	san	Sanskrit
140	sc	srd	Sardinian
141	sr	srp	Serbian
142	sn	sna	Shona
143	sd	snd	Sindhi
144	si	sin	Sinhala, Sinhalese
145	sk	slk	Slovak
146	sl	slv	Slovenian
147	so	som	Somali
148	st	sot	Southern Sotho
149	es	spa	Spanish, Castilian
150	su	sun	Sundanese
151	sw	swa	Swahili
152	ss	ssw	Swati
153	sv	swe	Swedish
154	tl	tgl	Tagalog
155	ty	tah	Tahitian
156	tg	tgk	Tajik
157	ta	tam	Tamil
158	tt	tat	Tatar
159	te	tel	Telugu
160	th	tha	Thai
161	bo	bod	Tibetan
162	ti	tir	Tigrinya
163	to	ton	Tonga(Tonga Islands)
164	ts	tso	Tsonga
165	tn	tsn	Tswana
166	tr	tur	Turkish
167	tk	tuk	Turkmen
168	tw	twi	Twi
169	ug	uig	Uighur, Uyghur
170	uk	ukr	Ukrainian
171	ur	urd	Urdu
172	uz	uzb	Uzbek
173	ve	ven	Venda
174	vi	vie	Vietnamese
175	vo	vol	Volapk
176	wa	wln	Walloon
177	cy	cym	Welsh
178	wo	wol	Wolof
179	xh	xho	Xhosa
180	yi	yid	Yiddish
181	yo	yor	Yoruba
182	za	zha	Zhuang, Chuang
183	zu	zul	Zulu
\.


--
-- Data for Name: api_opinion; Type: TABLE DATA; Schema: public; Owner: play-with-me
--

COPY public.api_opinion (id, comment, star, game_id, user_id) FROM stdin;
\.


--
-- Data for Name: api_user; Type: TABLE DATA; Schema: public; Owner: play-with-me
--

COPY public.api_user (id, password, last_login, is_superuser, username, first_name, last_name, is_staff, is_active, date_joined, description, email) FROM stdin;
1	pbkdf2_sha256$600000$nNsKC1tct7dknVGjjSe0hG$7ZWlNiQ3kXpiAL/LwApz/al56+DLLg6jmwdJ6/PItg8=	2023-05-27 08:00:09.446305+00	t	user			t	t	2023-05-26 17:26:44.8648+00		user@example.dev
\.


--
-- Data for Name: api_user_groups; Type: TABLE DATA; Schema: public; Owner: play-with-me
--

COPY public.api_user_groups (id, user_id, group_id) FROM stdin;
\.


--
-- Data for Name: api_user_lang; Type: TABLE DATA; Schema: public; Owner: play-with-me
--

COPY public.api_user_lang (id, user_id, language_id) FROM stdin;
\.


--
-- Data for Name: api_user_user_permissions; Type: TABLE DATA; Schema: public; Owner: play-with-me
--

COPY public.api_user_user_permissions (id, user_id, permission_id) FROM stdin;
\.


--
-- Data for Name: auth_group; Type: TABLE DATA; Schema: public; Owner: play-with-me
--

COPY public.auth_group (id, name) FROM stdin;
\.


--
-- Data for Name: auth_group_permissions; Type: TABLE DATA; Schema: public; Owner: play-with-me
--

COPY public.auth_group_permissions (id, group_id, permission_id) FROM stdin;
\.


--
-- Data for Name: auth_permission; Type: TABLE DATA; Schema: public; Owner: play-with-me
--

COPY public.auth_permission (id, name, content_type_id, codename) FROM stdin;
1	Can add log entry	1	add_logentry
2	Can change log entry	1	change_logentry
3	Can delete log entry	1	delete_logentry
4	Can view log entry	1	view_logentry
5	Can add permission	2	add_permission
6	Can change permission	2	change_permission
7	Can delete permission	2	delete_permission
8	Can view permission	2	view_permission
9	Can add group	3	add_group
10	Can change group	3	change_group
11	Can delete group	3	delete_group
12	Can view group	3	view_group
13	Can add content type	4	add_contenttype
14	Can change content type	4	change_contenttype
15	Can delete content type	4	delete_contenttype
16	Can view content type	4	view_contenttype
17	Can add session	5	add_session
18	Can change session	5	change_session
19	Can delete session	5	delete_session
20	Can view session	5	view_session
21	Can add Token	6	add_token
22	Can change Token	6	change_token
23	Can delete Token	6	delete_token
24	Can view Token	6	view_token
25	Can add token	7	add_tokenproxy
26	Can change token	7	change_tokenproxy
27	Can delete token	7	delete_tokenproxy
28	Can view token	7	view_tokenproxy
29	Can add user	8	add_user
30	Can change user	8	change_user
31	Can delete user	8	delete_user
32	Can view user	8	view_user
33	Can add event	9	add_event
34	Can change event	9	change_event
35	Can delete event	9	delete_event
36	Can view event	9	view_event
37	Can add game	10	add_game
38	Can change game	10	change_game
39	Can delete game	10	delete_game
40	Can view game	10	view_game
41	Can add genre	11	add_genre
42	Can change genre	11	change_genre
43	Can delete genre	11	delete_genre
44	Can view genre	11	view_genre
45	Can add language	12	add_language
46	Can change language	12	change_language
47	Can delete language	12	delete_language
48	Can view language	12	view_language
49	Can add opinion	13	add_opinion
50	Can change opinion	13	change_opinion
51	Can delete opinion	13	delete_opinion
52	Can view opinion	13	view_opinion
53	Can add friendship	14	add_friendship
54	Can change friendship	14	change_friendship
55	Can delete friendship	14	delete_friendship
56	Can view friendship	14	view_friendship
57	Can add even t_participants	15	add_event_participants
58	Can change even t_participants	15	change_event_participants
59	Can delete even t_participants	15	delete_event_participants
60	Can view even t_participants	15	view_event_participants
\.


--
-- Data for Name: authtoken_token; Type: TABLE DATA; Schema: public; Owner: play-with-me
--

COPY public.authtoken_token (key, created, user_id) FROM stdin;
\.


--
-- Data for Name: django_admin_log; Type: TABLE DATA; Schema: public; Owner: play-with-me
--

COPY public.django_admin_log (id, action_time, object_id, object_repr, action_flag, change_message, content_type_id, user_id) FROM stdin;
\.


--
-- Data for Name: django_content_type; Type: TABLE DATA; Schema: public; Owner: play-with-me
--

COPY public.django_content_type (id, app_label, model) FROM stdin;
1	admin	logentry
2	auth	permission
3	auth	group
4	contenttypes	contenttype
5	sessions	session
6	authtoken	token
7	authtoken	tokenproxy
8	api	user
9	api	event
10	api	game
11	api	genre
12	api	language
13	api	opinion
14	api	friendship
15	api	event_participants
\.


--
-- Data for Name: django_migrations; Type: TABLE DATA; Schema: public; Owner: play-with-me
--

COPY public.django_migrations (id, app, name, applied) FROM stdin;
1	contenttypes	0001_initial	2023-05-25 17:14:36.461684+00
2	contenttypes	0002_remove_content_type_name	2023-05-25 17:14:36.48083+00
3	auth	0001_initial	2023-05-25 17:14:36.751923+00
4	auth	0002_alter_permission_name_max_length	2023-05-25 17:14:36.768479+00
5	auth	0003_alter_user_email_max_length	2023-05-25 17:14:36.784489+00
6	auth	0004_alter_user_username_opts	2023-05-25 17:14:36.799523+00
7	auth	0005_alter_user_last_login_null	2023-05-25 17:14:36.815716+00
8	auth	0006_require_contenttypes_0002	2023-05-25 17:14:36.82741+00
9	auth	0007_alter_validators_add_error_messages	2023-05-25 17:14:36.84441+00
10	auth	0008_alter_user_username_max_length	2023-05-25 17:14:36.860058+00
11	auth	0009_alter_user_last_name_max_length	2023-05-25 17:14:36.875959+00
12	auth	0010_alter_group_name_max_length	2023-05-25 17:14:36.892252+00
13	auth	0011_update_proxy_permissions	2023-05-25 17:14:36.909371+00
14	auth	0012_alter_user_first_name_max_length	2023-05-25 17:14:36.924748+00
15	api	0001_initial	2023-05-25 17:14:38.051614+00
16	admin	0001_initial	2023-05-25 17:14:38.183704+00
17	admin	0002_logentry_remove_auto_add	2023-05-25 17:14:38.210035+00
18	admin	0003_logentry_add_action_flag_choices	2023-05-25 17:14:38.233741+00
19	authtoken	0001_initial	2023-05-25 17:14:38.348268+00
20	authtoken	0002_auto_20160226_1747	2023-05-25 17:14:38.398098+00
21	authtoken	0003_tokenproxy	2023-05-25 17:14:38.420022+00
22	sessions	0001_initial	2023-05-25 17:14:38.53311+00
\.


--
-- Data for Name: django_session; Type: TABLE DATA; Schema: public; Owner: play-with-me
--

COPY public.django_session (session_key, session_data, expire_date) FROM stdin;
cqgah4y7jj9ihl4lylty1dr1ebupc0a2	.eJxVjDsOwjAQBe_iGlnetRXHlPScIdqPhQPIluKkQtwdIqWA9s3Me5mJtrVMW8_LNKs5GzCn341JHrnuQO9Ub81Kq-sys90Ve9Bur03z83K4fweFevnWyWenJFGDCCVmVGIZISEHHsALjIOQDIiYHUd2KWIEH0CjArJj8_4ACH44OA:1q2bDF:p75SHPV_7JXJfH--AkXTEcjcSgJUA5m3fDLZ5uFuYvA	2023-06-09 17:26:49.125307+00
b0mpe54r1d75e4vt0s266dfw55hhgsh9	.eJxVjDsOwjAQBe_iGlnetRXHlPScIdqPhQPIluKkQtwdIqWA9s3Me5mJtrVMW8_LNKs5GzCn341JHrnuQO9Ub81Kq-sys90Ve9Bur03z83K4fweFevnWyWenJFGDCCVmVGIZISEHHsALjIOQDIiYHUd2KWIEH0CjArJj8_4ACH44OA:1q2oqP:ED6RBJALZvZPZLJn-eQfCB0Sly0xA0SWtJSwyGHTHQs	2023-06-10 08:00:09.455199+00
\.


--
-- Name: api_event_id_seq; Type: SEQUENCE SET; Schema: public; Owner: play-with-me
--

SELECT pg_catalog.setval('public.api_event_id_seq', 1, false);


--
-- Name: api_event_participants_id_seq; Type: SEQUENCE SET; Schema: public; Owner: play-with-me
--

SELECT pg_catalog.setval('public.api_event_participants_id_seq', 1, false);


--
-- Name: api_friendship_id_seq; Type: SEQUENCE SET; Schema: public; Owner: play-with-me
--

SELECT pg_catalog.setval('public.api_friendship_id_seq', 1, false);


--
-- Name: api_game_available_lang_id_seq; Type: SEQUENCE SET; Schema: public; Owner: play-with-me
--

SELECT pg_catalog.setval('public.api_game_available_lang_id_seq', 1, false);


--
-- Name: api_game_genre_id_seq; Type: SEQUENCE SET; Schema: public; Owner: play-with-me
--

SELECT pg_catalog.setval('public.api_game_genre_id_seq', 1, false);


--
-- Name: api_game_id_seq; Type: SEQUENCE SET; Schema: public; Owner: play-with-me
--

SELECT pg_catalog.setval('public.api_game_id_seq', 1212, true);


--
-- Name: api_genre_id_seq; Type: SEQUENCE SET; Schema: public; Owner: play-with-me
--

SELECT pg_catalog.setval('public.api_genre_id_seq', 1, false);


--
-- Name: api_language_id_seq; Type: SEQUENCE SET; Schema: public; Owner: play-with-me
--

SELECT pg_catalog.setval('public.api_language_id_seq', 183, true);


--
-- Name: api_opinion_id_seq; Type: SEQUENCE SET; Schema: public; Owner: play-with-me
--

SELECT pg_catalog.setval('public.api_opinion_id_seq', 1, false);


--
-- Name: api_user_groups_id_seq; Type: SEQUENCE SET; Schema: public; Owner: play-with-me
--

SELECT pg_catalog.setval('public.api_user_groups_id_seq', 1, false);


--
-- Name: api_user_id_seq; Type: SEQUENCE SET; Schema: public; Owner: play-with-me
--

SELECT pg_catalog.setval('public.api_user_id_seq', 1, true);


--
-- Name: api_user_lang_id_seq; Type: SEQUENCE SET; Schema: public; Owner: play-with-me
--

SELECT pg_catalog.setval('public.api_user_lang_id_seq', 1, false);


--
-- Name: api_user_user_permissions_id_seq; Type: SEQUENCE SET; Schema: public; Owner: play-with-me
--

SELECT pg_catalog.setval('public.api_user_user_permissions_id_seq', 1, false);


--
-- Name: auth_group_id_seq; Type: SEQUENCE SET; Schema: public; Owner: play-with-me
--

SELECT pg_catalog.setval('public.auth_group_id_seq', 1, false);


--
-- Name: auth_group_permissions_id_seq; Type: SEQUENCE SET; Schema: public; Owner: play-with-me
--

SELECT pg_catalog.setval('public.auth_group_permissions_id_seq', 1, false);


--
-- Name: auth_permission_id_seq; Type: SEQUENCE SET; Schema: public; Owner: play-with-me
--

SELECT pg_catalog.setval('public.auth_permission_id_seq', 60, true);


--
-- Name: django_admin_log_id_seq; Type: SEQUENCE SET; Schema: public; Owner: play-with-me
--

SELECT pg_catalog.setval('public.django_admin_log_id_seq', 1, false);


--
-- Name: django_content_type_id_seq; Type: SEQUENCE SET; Schema: public; Owner: play-with-me
--

SELECT pg_catalog.setval('public.django_content_type_id_seq', 15, true);


--
-- Name: django_migrations_id_seq; Type: SEQUENCE SET; Schema: public; Owner: play-with-me
--

SELECT pg_catalog.setval('public.django_migrations_id_seq', 22, true);


--
-- Name: api_event_participants api_event_participants_pkey; Type: CONSTRAINT; Schema: public; Owner: play-with-me
--

ALTER TABLE ONLY public.api_event_participants
    ADD CONSTRAINT api_event_participants_pkey PRIMARY KEY (id);


--
-- Name: api_event api_event_pkey; Type: CONSTRAINT; Schema: public; Owner: play-with-me
--

ALTER TABLE ONLY public.api_event
    ADD CONSTRAINT api_event_pkey PRIMARY KEY (id);


--
-- Name: api_friendship api_friendship_pkey; Type: CONSTRAINT; Schema: public; Owner: play-with-me
--

ALTER TABLE ONLY public.api_friendship
    ADD CONSTRAINT api_friendship_pkey PRIMARY KEY (id);


--
-- Name: api_game_available_lang api_game_available_lang_game_id_language_id_6085b340_uniq; Type: CONSTRAINT; Schema: public; Owner: play-with-me
--

ALTER TABLE ONLY public.api_game_available_lang
    ADD CONSTRAINT api_game_available_lang_game_id_language_id_6085b340_uniq UNIQUE (game_id, language_id);


--
-- Name: api_game_available_lang api_game_available_lang_pkey; Type: CONSTRAINT; Schema: public; Owner: play-with-me
--

ALTER TABLE ONLY public.api_game_available_lang
    ADD CONSTRAINT api_game_available_lang_pkey PRIMARY KEY (id);


--
-- Name: api_game_genre api_game_genre_game_id_genre_id_bc1fdd9a_uniq; Type: CONSTRAINT; Schema: public; Owner: play-with-me
--

ALTER TABLE ONLY public.api_game_genre
    ADD CONSTRAINT api_game_genre_game_id_genre_id_bc1fdd9a_uniq UNIQUE (game_id, genre_id);


--
-- Name: api_game_genre api_game_genre_pkey; Type: CONSTRAINT; Schema: public; Owner: play-with-me
--

ALTER TABLE ONLY public.api_game_genre
    ADD CONSTRAINT api_game_genre_pkey PRIMARY KEY (id);


--
-- Name: api_game api_game_pkey; Type: CONSTRAINT; Schema: public; Owner: play-with-me
--

ALTER TABLE ONLY public.api_game
    ADD CONSTRAINT api_game_pkey PRIMARY KEY (id);


--
-- Name: api_genre api_genre_pkey; Type: CONSTRAINT; Schema: public; Owner: play-with-me
--

ALTER TABLE ONLY public.api_genre
    ADD CONSTRAINT api_genre_pkey PRIMARY KEY (id);


--
-- Name: api_language api_language_pkey; Type: CONSTRAINT; Schema: public; Owner: play-with-me
--

ALTER TABLE ONLY public.api_language
    ADD CONSTRAINT api_language_pkey PRIMARY KEY (id);


--
-- Name: api_opinion api_opinion_pkey; Type: CONSTRAINT; Schema: public; Owner: play-with-me
--

ALTER TABLE ONLY public.api_opinion
    ADD CONSTRAINT api_opinion_pkey PRIMARY KEY (id);


--
-- Name: api_user api_user_email_key; Type: CONSTRAINT; Schema: public; Owner: play-with-me
--

ALTER TABLE ONLY public.api_user
    ADD CONSTRAINT api_user_email_key UNIQUE (email);


--
-- Name: api_user_groups api_user_groups_pkey; Type: CONSTRAINT; Schema: public; Owner: play-with-me
--

ALTER TABLE ONLY public.api_user_groups
    ADD CONSTRAINT api_user_groups_pkey PRIMARY KEY (id);


--
-- Name: api_user_groups api_user_groups_user_id_group_id_9c7ddfb5_uniq; Type: CONSTRAINT; Schema: public; Owner: play-with-me
--

ALTER TABLE ONLY public.api_user_groups
    ADD CONSTRAINT api_user_groups_user_id_group_id_9c7ddfb5_uniq UNIQUE (user_id, group_id);


--
-- Name: api_user_lang api_user_lang_pkey; Type: CONSTRAINT; Schema: public; Owner: play-with-me
--

ALTER TABLE ONLY public.api_user_lang
    ADD CONSTRAINT api_user_lang_pkey PRIMARY KEY (id);


--
-- Name: api_user_lang api_user_lang_user_id_language_id_e9203071_uniq; Type: CONSTRAINT; Schema: public; Owner: play-with-me
--

ALTER TABLE ONLY public.api_user_lang
    ADD CONSTRAINT api_user_lang_user_id_language_id_e9203071_uniq UNIQUE (user_id, language_id);


--
-- Name: api_user api_user_pkey; Type: CONSTRAINT; Schema: public; Owner: play-with-me
--

ALTER TABLE ONLY public.api_user
    ADD CONSTRAINT api_user_pkey PRIMARY KEY (id);


--
-- Name: api_user_user_permissions api_user_user_permissions_pkey; Type: CONSTRAINT; Schema: public; Owner: play-with-me
--

ALTER TABLE ONLY public.api_user_user_permissions
    ADD CONSTRAINT api_user_user_permissions_pkey PRIMARY KEY (id);


--
-- Name: api_user_user_permissions api_user_user_permissions_user_id_permission_id_a06dd704_uniq; Type: CONSTRAINT; Schema: public; Owner: play-with-me
--

ALTER TABLE ONLY public.api_user_user_permissions
    ADD CONSTRAINT api_user_user_permissions_user_id_permission_id_a06dd704_uniq UNIQUE (user_id, permission_id);


--
-- Name: api_user api_user_username_key; Type: CONSTRAINT; Schema: public; Owner: play-with-me
--

ALTER TABLE ONLY public.api_user
    ADD CONSTRAINT api_user_username_key UNIQUE (username);


--
-- Name: auth_group auth_group_name_key; Type: CONSTRAINT; Schema: public; Owner: play-with-me
--

ALTER TABLE ONLY public.auth_group
    ADD CONSTRAINT auth_group_name_key UNIQUE (name);


--
-- Name: auth_group_permissions auth_group_permissions_group_id_permission_id_0cd325b0_uniq; Type: CONSTRAINT; Schema: public; Owner: play-with-me
--

ALTER TABLE ONLY public.auth_group_permissions
    ADD CONSTRAINT auth_group_permissions_group_id_permission_id_0cd325b0_uniq UNIQUE (group_id, permission_id);


--
-- Name: auth_group_permissions auth_group_permissions_pkey; Type: CONSTRAINT; Schema: public; Owner: play-with-me
--

ALTER TABLE ONLY public.auth_group_permissions
    ADD CONSTRAINT auth_group_permissions_pkey PRIMARY KEY (id);


--
-- Name: auth_group auth_group_pkey; Type: CONSTRAINT; Schema: public; Owner: play-with-me
--

ALTER TABLE ONLY public.auth_group
    ADD CONSTRAINT auth_group_pkey PRIMARY KEY (id);


--
-- Name: auth_permission auth_permission_content_type_id_codename_01ab375a_uniq; Type: CONSTRAINT; Schema: public; Owner: play-with-me
--

ALTER TABLE ONLY public.auth_permission
    ADD CONSTRAINT auth_permission_content_type_id_codename_01ab375a_uniq UNIQUE (content_type_id, codename);


--
-- Name: auth_permission auth_permission_pkey; Type: CONSTRAINT; Schema: public; Owner: play-with-me
--

ALTER TABLE ONLY public.auth_permission
    ADD CONSTRAINT auth_permission_pkey PRIMARY KEY (id);


--
-- Name: authtoken_token authtoken_token_pkey; Type: CONSTRAINT; Schema: public; Owner: play-with-me
--

ALTER TABLE ONLY public.authtoken_token
    ADD CONSTRAINT authtoken_token_pkey PRIMARY KEY (key);


--
-- Name: authtoken_token authtoken_token_user_id_key; Type: CONSTRAINT; Schema: public; Owner: play-with-me
--

ALTER TABLE ONLY public.authtoken_token
    ADD CONSTRAINT authtoken_token_user_id_key UNIQUE (user_id);


--
-- Name: django_admin_log django_admin_log_pkey; Type: CONSTRAINT; Schema: public; Owner: play-with-me
--

ALTER TABLE ONLY public.django_admin_log
    ADD CONSTRAINT django_admin_log_pkey PRIMARY KEY (id);


--
-- Name: django_content_type django_content_type_app_label_model_76bd3d3b_uniq; Type: CONSTRAINT; Schema: public; Owner: play-with-me
--

ALTER TABLE ONLY public.django_content_type
    ADD CONSTRAINT django_content_type_app_label_model_76bd3d3b_uniq UNIQUE (app_label, model);


--
-- Name: django_content_type django_content_type_pkey; Type: CONSTRAINT; Schema: public; Owner: play-with-me
--

ALTER TABLE ONLY public.django_content_type
    ADD CONSTRAINT django_content_type_pkey PRIMARY KEY (id);


--
-- Name: django_migrations django_migrations_pkey; Type: CONSTRAINT; Schema: public; Owner: play-with-me
--

ALTER TABLE ONLY public.django_migrations
    ADD CONSTRAINT django_migrations_pkey PRIMARY KEY (id);


--
-- Name: django_session django_session_pkey; Type: CONSTRAINT; Schema: public; Owner: play-with-me
--

ALTER TABLE ONLY public.django_session
    ADD CONSTRAINT django_session_pkey PRIMARY KEY (session_key);


--
-- Name: api_event_creator_id_ff306158; Type: INDEX; Schema: public; Owner: play-with-me
--

CREATE INDEX api_event_creator_id_ff306158 ON public.api_event USING btree (creator_id);


--
-- Name: api_event_game_id_d605caef; Type: INDEX; Schema: public; Owner: play-with-me
--

CREATE INDEX api_event_game_id_d605caef ON public.api_event USING btree (game_id);


--
-- Name: api_event_participants_event_id_18c09446; Type: INDEX; Schema: public; Owner: play-with-me
--

CREATE INDEX api_event_participants_event_id_18c09446 ON public.api_event_participants USING btree (event_id);


--
-- Name: api_event_participants_user_id_32264e33; Type: INDEX; Schema: public; Owner: play-with-me
--

CREATE INDEX api_event_participants_user_id_32264e33 ON public.api_event_participants USING btree (user_id);


--
-- Name: api_friendship_user1_id_18bfe1f6; Type: INDEX; Schema: public; Owner: play-with-me
--

CREATE INDEX api_friendship_user1_id_18bfe1f6 ON public.api_friendship USING btree (user1_id);


--
-- Name: api_friendship_user2_id_2de6c17e; Type: INDEX; Schema: public; Owner: play-with-me
--

CREATE INDEX api_friendship_user2_id_2de6c17e ON public.api_friendship USING btree (user2_id);


--
-- Name: api_game_available_lang_game_id_cbb8b7e3; Type: INDEX; Schema: public; Owner: play-with-me
--

CREATE INDEX api_game_available_lang_game_id_cbb8b7e3 ON public.api_game_available_lang USING btree (game_id);


--
-- Name: api_game_available_lang_language_id_05d5e7c5; Type: INDEX; Schema: public; Owner: play-with-me
--

CREATE INDEX api_game_available_lang_language_id_05d5e7c5 ON public.api_game_available_lang USING btree (language_id);


--
-- Name: api_game_genre_game_id_93eba106; Type: INDEX; Schema: public; Owner: play-with-me
--

CREATE INDEX api_game_genre_game_id_93eba106 ON public.api_game_genre USING btree (game_id);


--
-- Name: api_game_genre_genre_id_f0dc1077; Type: INDEX; Schema: public; Owner: play-with-me
--

CREATE INDEX api_game_genre_genre_id_f0dc1077 ON public.api_game_genre USING btree (genre_id);


--
-- Name: api_opinion_game_id_6527370f; Type: INDEX; Schema: public; Owner: play-with-me
--

CREATE INDEX api_opinion_game_id_6527370f ON public.api_opinion USING btree (game_id);


--
-- Name: api_opinion_user_id_403f38b5; Type: INDEX; Schema: public; Owner: play-with-me
--

CREATE INDEX api_opinion_user_id_403f38b5 ON public.api_opinion USING btree (user_id);


--
-- Name: api_user_email_9ef5afa6_like; Type: INDEX; Schema: public; Owner: play-with-me
--

CREATE INDEX api_user_email_9ef5afa6_like ON public.api_user USING btree (email varchar_pattern_ops);


--
-- Name: api_user_groups_group_id_3af85785; Type: INDEX; Schema: public; Owner: play-with-me
--

CREATE INDEX api_user_groups_group_id_3af85785 ON public.api_user_groups USING btree (group_id);


--
-- Name: api_user_groups_user_id_a5ff39fa; Type: INDEX; Schema: public; Owner: play-with-me
--

CREATE INDEX api_user_groups_user_id_a5ff39fa ON public.api_user_groups USING btree (user_id);


--
-- Name: api_user_lang_language_id_c52d9658; Type: INDEX; Schema: public; Owner: play-with-me
--

CREATE INDEX api_user_lang_language_id_c52d9658 ON public.api_user_lang USING btree (language_id);


--
-- Name: api_user_lang_user_id_89051700; Type: INDEX; Schema: public; Owner: play-with-me
--

CREATE INDEX api_user_lang_user_id_89051700 ON public.api_user_lang USING btree (user_id);


--
-- Name: api_user_user_permissions_permission_id_305b7fea; Type: INDEX; Schema: public; Owner: play-with-me
--

CREATE INDEX api_user_user_permissions_permission_id_305b7fea ON public.api_user_user_permissions USING btree (permission_id);


--
-- Name: api_user_user_permissions_user_id_f3945d65; Type: INDEX; Schema: public; Owner: play-with-me
--

CREATE INDEX api_user_user_permissions_user_id_f3945d65 ON public.api_user_user_permissions USING btree (user_id);


--
-- Name: api_user_username_cf4e88d2_like; Type: INDEX; Schema: public; Owner: play-with-me
--

CREATE INDEX api_user_username_cf4e88d2_like ON public.api_user USING btree (username varchar_pattern_ops);


--
-- Name: auth_group_name_a6ea08ec_like; Type: INDEX; Schema: public; Owner: play-with-me
--

CREATE INDEX auth_group_name_a6ea08ec_like ON public.auth_group USING btree (name varchar_pattern_ops);


--
-- Name: auth_group_permissions_group_id_b120cbf9; Type: INDEX; Schema: public; Owner: play-with-me
--

CREATE INDEX auth_group_permissions_group_id_b120cbf9 ON public.auth_group_permissions USING btree (group_id);


--
-- Name: auth_group_permissions_permission_id_84c5c92e; Type: INDEX; Schema: public; Owner: play-with-me
--

CREATE INDEX auth_group_permissions_permission_id_84c5c92e ON public.auth_group_permissions USING btree (permission_id);


--
-- Name: auth_permission_content_type_id_2f476e4b; Type: INDEX; Schema: public; Owner: play-with-me
--

CREATE INDEX auth_permission_content_type_id_2f476e4b ON public.auth_permission USING btree (content_type_id);


--
-- Name: authtoken_token_key_10f0b77e_like; Type: INDEX; Schema: public; Owner: play-with-me
--

CREATE INDEX authtoken_token_key_10f0b77e_like ON public.authtoken_token USING btree (key varchar_pattern_ops);


--
-- Name: django_admin_log_content_type_id_c4bce8eb; Type: INDEX; Schema: public; Owner: play-with-me
--

CREATE INDEX django_admin_log_content_type_id_c4bce8eb ON public.django_admin_log USING btree (content_type_id);


--
-- Name: django_admin_log_user_id_c564eba6; Type: INDEX; Schema: public; Owner: play-with-me
--

CREATE INDEX django_admin_log_user_id_c564eba6 ON public.django_admin_log USING btree (user_id);


--
-- Name: django_session_expire_date_a5c62663; Type: INDEX; Schema: public; Owner: play-with-me
--

CREATE INDEX django_session_expire_date_a5c62663 ON public.django_session USING btree (expire_date);


--
-- Name: django_session_session_key_c0390e0f_like; Type: INDEX; Schema: public; Owner: play-with-me
--

CREATE INDEX django_session_session_key_c0390e0f_like ON public.django_session USING btree (session_key varchar_pattern_ops);


--
-- Name: api_event api_event_creator_id_ff306158_fk_api_user_id; Type: FK CONSTRAINT; Schema: public; Owner: play-with-me
--

ALTER TABLE ONLY public.api_event
    ADD CONSTRAINT api_event_creator_id_ff306158_fk_api_user_id FOREIGN KEY (creator_id) REFERENCES public.api_user(id) DEFERRABLE INITIALLY DEFERRED;


--
-- Name: api_event api_event_game_id_d605caef_fk_api_game_id; Type: FK CONSTRAINT; Schema: public; Owner: play-with-me
--

ALTER TABLE ONLY public.api_event
    ADD CONSTRAINT api_event_game_id_d605caef_fk_api_game_id FOREIGN KEY (game_id) REFERENCES public.api_game(id) DEFERRABLE INITIALLY DEFERRED;


--
-- Name: api_event_participants api_event_participants_event_id_18c09446_fk_api_event_id; Type: FK CONSTRAINT; Schema: public; Owner: play-with-me
--

ALTER TABLE ONLY public.api_event_participants
    ADD CONSTRAINT api_event_participants_event_id_18c09446_fk_api_event_id FOREIGN KEY (event_id) REFERENCES public.api_event(id) DEFERRABLE INITIALLY DEFERRED;


--
-- Name: api_event_participants api_event_participants_user_id_32264e33_fk_api_user_id; Type: FK CONSTRAINT; Schema: public; Owner: play-with-me
--

ALTER TABLE ONLY public.api_event_participants
    ADD CONSTRAINT api_event_participants_user_id_32264e33_fk_api_user_id FOREIGN KEY (user_id) REFERENCES public.api_user(id) DEFERRABLE INITIALLY DEFERRED;


--
-- Name: api_friendship api_friendship_user1_id_18bfe1f6_fk_api_user_id; Type: FK CONSTRAINT; Schema: public; Owner: play-with-me
--

ALTER TABLE ONLY public.api_friendship
    ADD CONSTRAINT api_friendship_user1_id_18bfe1f6_fk_api_user_id FOREIGN KEY (user1_id) REFERENCES public.api_user(id) DEFERRABLE INITIALLY DEFERRED;


--
-- Name: api_friendship api_friendship_user2_id_2de6c17e_fk_api_user_id; Type: FK CONSTRAINT; Schema: public; Owner: play-with-me
--

ALTER TABLE ONLY public.api_friendship
    ADD CONSTRAINT api_friendship_user2_id_2de6c17e_fk_api_user_id FOREIGN KEY (user2_id) REFERENCES public.api_user(id) DEFERRABLE INITIALLY DEFERRED;


--
-- Name: api_game_available_lang api_game_available_lang_game_id_cbb8b7e3_fk_api_game_id; Type: FK CONSTRAINT; Schema: public; Owner: play-with-me
--

ALTER TABLE ONLY public.api_game_available_lang
    ADD CONSTRAINT api_game_available_lang_game_id_cbb8b7e3_fk_api_game_id FOREIGN KEY (game_id) REFERENCES public.api_game(id) DEFERRABLE INITIALLY DEFERRED;


--
-- Name: api_game_available_lang api_game_available_lang_language_id_05d5e7c5_fk_api_language_id; Type: FK CONSTRAINT; Schema: public; Owner: play-with-me
--

ALTER TABLE ONLY public.api_game_available_lang
    ADD CONSTRAINT api_game_available_lang_language_id_05d5e7c5_fk_api_language_id FOREIGN KEY (language_id) REFERENCES public.api_language(id) DEFERRABLE INITIALLY DEFERRED;


--
-- Name: api_game_genre api_game_genre_game_id_93eba106_fk_api_game_id; Type: FK CONSTRAINT; Schema: public; Owner: play-with-me
--

ALTER TABLE ONLY public.api_game_genre
    ADD CONSTRAINT api_game_genre_game_id_93eba106_fk_api_game_id FOREIGN KEY (game_id) REFERENCES public.api_game(id) DEFERRABLE INITIALLY DEFERRED;


--
-- Name: api_game_genre api_game_genre_genre_id_f0dc1077_fk_api_genre_id; Type: FK CONSTRAINT; Schema: public; Owner: play-with-me
--

ALTER TABLE ONLY public.api_game_genre
    ADD CONSTRAINT api_game_genre_genre_id_f0dc1077_fk_api_genre_id FOREIGN KEY (genre_id) REFERENCES public.api_genre(id) DEFERRABLE INITIALLY DEFERRED;


--
-- Name: api_opinion api_opinion_game_id_6527370f_fk_api_game_id; Type: FK CONSTRAINT; Schema: public; Owner: play-with-me
--

ALTER TABLE ONLY public.api_opinion
    ADD CONSTRAINT api_opinion_game_id_6527370f_fk_api_game_id FOREIGN KEY (game_id) REFERENCES public.api_game(id) DEFERRABLE INITIALLY DEFERRED;


--
-- Name: api_opinion api_opinion_user_id_403f38b5_fk_api_user_id; Type: FK CONSTRAINT; Schema: public; Owner: play-with-me
--

ALTER TABLE ONLY public.api_opinion
    ADD CONSTRAINT api_opinion_user_id_403f38b5_fk_api_user_id FOREIGN KEY (user_id) REFERENCES public.api_user(id) DEFERRABLE INITIALLY DEFERRED;


--
-- Name: api_user_groups api_user_groups_group_id_3af85785_fk_auth_group_id; Type: FK CONSTRAINT; Schema: public; Owner: play-with-me
--

ALTER TABLE ONLY public.api_user_groups
    ADD CONSTRAINT api_user_groups_group_id_3af85785_fk_auth_group_id FOREIGN KEY (group_id) REFERENCES public.auth_group(id) DEFERRABLE INITIALLY DEFERRED;


--
-- Name: api_user_groups api_user_groups_user_id_a5ff39fa_fk_api_user_id; Type: FK CONSTRAINT; Schema: public; Owner: play-with-me
--

ALTER TABLE ONLY public.api_user_groups
    ADD CONSTRAINT api_user_groups_user_id_a5ff39fa_fk_api_user_id FOREIGN KEY (user_id) REFERENCES public.api_user(id) DEFERRABLE INITIALLY DEFERRED;


--
-- Name: api_user_lang api_user_lang_language_id_c52d9658_fk_api_language_id; Type: FK CONSTRAINT; Schema: public; Owner: play-with-me
--

ALTER TABLE ONLY public.api_user_lang
    ADD CONSTRAINT api_user_lang_language_id_c52d9658_fk_api_language_id FOREIGN KEY (language_id) REFERENCES public.api_language(id) DEFERRABLE INITIALLY DEFERRED;


--
-- Name: api_user_lang api_user_lang_user_id_89051700_fk_api_user_id; Type: FK CONSTRAINT; Schema: public; Owner: play-with-me
--

ALTER TABLE ONLY public.api_user_lang
    ADD CONSTRAINT api_user_lang_user_id_89051700_fk_api_user_id FOREIGN KEY (user_id) REFERENCES public.api_user(id) DEFERRABLE INITIALLY DEFERRED;


--
-- Name: api_user_user_permissions api_user_user_permis_permission_id_305b7fea_fk_auth_perm; Type: FK CONSTRAINT; Schema: public; Owner: play-with-me
--

ALTER TABLE ONLY public.api_user_user_permissions
    ADD CONSTRAINT api_user_user_permis_permission_id_305b7fea_fk_auth_perm FOREIGN KEY (permission_id) REFERENCES public.auth_permission(id) DEFERRABLE INITIALLY DEFERRED;


--
-- Name: api_user_user_permissions api_user_user_permissions_user_id_f3945d65_fk_api_user_id; Type: FK CONSTRAINT; Schema: public; Owner: play-with-me
--

ALTER TABLE ONLY public.api_user_user_permissions
    ADD CONSTRAINT api_user_user_permissions_user_id_f3945d65_fk_api_user_id FOREIGN KEY (user_id) REFERENCES public.api_user(id) DEFERRABLE INITIALLY DEFERRED;


--
-- Name: auth_group_permissions auth_group_permissio_permission_id_84c5c92e_fk_auth_perm; Type: FK CONSTRAINT; Schema: public; Owner: play-with-me
--

ALTER TABLE ONLY public.auth_group_permissions
    ADD CONSTRAINT auth_group_permissio_permission_id_84c5c92e_fk_auth_perm FOREIGN KEY (permission_id) REFERENCES public.auth_permission(id) DEFERRABLE INITIALLY DEFERRED;


--
-- Name: auth_group_permissions auth_group_permissions_group_id_b120cbf9_fk_auth_group_id; Type: FK CONSTRAINT; Schema: public; Owner: play-with-me
--

ALTER TABLE ONLY public.auth_group_permissions
    ADD CONSTRAINT auth_group_permissions_group_id_b120cbf9_fk_auth_group_id FOREIGN KEY (group_id) REFERENCES public.auth_group(id) DEFERRABLE INITIALLY DEFERRED;


--
-- Name: auth_permission auth_permission_content_type_id_2f476e4b_fk_django_co; Type: FK CONSTRAINT; Schema: public; Owner: play-with-me
--

ALTER TABLE ONLY public.auth_permission
    ADD CONSTRAINT auth_permission_content_type_id_2f476e4b_fk_django_co FOREIGN KEY (content_type_id) REFERENCES public.django_content_type(id) DEFERRABLE INITIALLY DEFERRED;


--
-- Name: authtoken_token authtoken_token_user_id_35299eff_fk_api_user_id; Type: FK CONSTRAINT; Schema: public; Owner: play-with-me
--

ALTER TABLE ONLY public.authtoken_token
    ADD CONSTRAINT authtoken_token_user_id_35299eff_fk_api_user_id FOREIGN KEY (user_id) REFERENCES public.api_user(id) DEFERRABLE INITIALLY DEFERRED;


--
-- Name: django_admin_log django_admin_log_content_type_id_c4bce8eb_fk_django_co; Type: FK CONSTRAINT; Schema: public; Owner: play-with-me
--

ALTER TABLE ONLY public.django_admin_log
    ADD CONSTRAINT django_admin_log_content_type_id_c4bce8eb_fk_django_co FOREIGN KEY (content_type_id) REFERENCES public.django_content_type(id) DEFERRABLE INITIALLY DEFERRED;


--
-- Name: django_admin_log django_admin_log_user_id_c564eba6_fk_api_user_id; Type: FK CONSTRAINT; Schema: public; Owner: play-with-me
--

ALTER TABLE ONLY public.django_admin_log
    ADD CONSTRAINT django_admin_log_user_id_c564eba6_fk_api_user_id FOREIGN KEY (user_id) REFERENCES public.api_user(id) DEFERRABLE INITIALLY DEFERRED;


--
-- PostgreSQL database dump complete
--

--
-- Database "postgres" dump
--

--
-- PostgreSQL database dump
--

-- Dumped from database version 15.3 (Debian 15.3-1.pgdg110+1)
-- Dumped by pg_dump version 15.3 (Debian 15.3-1.pgdg110+1)

SET statement_timeout = 0;
SET lock_timeout = 0;
SET idle_in_transaction_session_timeout = 0;
SET client_encoding = 'UTF8';
SET standard_conforming_strings = on;
SELECT pg_catalog.set_config('search_path', '', false);
SET check_function_bodies = false;
SET xmloption = content;
SET client_min_messages = warning;
SET row_security = off;

DROP DATABASE postgres;
--
-- Name: postgres; Type: DATABASE; Schema: -; Owner: play-with-me
--

CREATE DATABASE postgres WITH TEMPLATE = template0 ENCODING = 'UTF8' LOCALE_PROVIDER = libc LOCALE = 'en_US.utf8';


ALTER DATABASE postgres OWNER TO "play-with-me";

\connect postgres

SET statement_timeout = 0;
SET lock_timeout = 0;
SET idle_in_transaction_session_timeout = 0;
SET client_encoding = 'UTF8';
SET standard_conforming_strings = on;
SELECT pg_catalog.set_config('search_path', '', false);
SET check_function_bodies = false;
SET xmloption = content;
SET client_min_messages = warning;
SET row_security = off;

--
-- Name: DATABASE postgres; Type: COMMENT; Schema: -; Owner: play-with-me
--

COMMENT ON DATABASE postgres IS 'default administrative connection database';


--
-- PostgreSQL database dump complete
--

--
-- PostgreSQL database cluster dump complete
--

